ID,Prediction
k141_734754.concoct_part_0,Chromosome
k141_2937623.concoct_part_3,Chromosome
k141_1469372.concoct_part_0,Chromosome
k141_735136.concoct_part_0,Chromosome
k141_2204126.concoct_part_0,Chromosome
k141_1837073.concoct_part_0,Chromosome
k141_736201.concoct_part_0,Chromosome
k141_2572299.concoct_part_0,Chromosome
k141_2792.concoct_part_1,Plasmid
k141_2205125.concoct_part_0,Chromosome
k141_1837817.concoct_part_3,Chromosome
k141_3158.concoct_part_0,Chromosome
k141_3158.concoct_part_1,Chromosome
k141_370748.concoct_part_0,Chromosome
k141_370907.concoct_part_0,Chromosome
k141_2573303.concoct_part_0,Chromosome
k141_3674546.concoct_part_0,Chromosome
k141_3885.concoct_part_0,Chromosome
k141_4016.concoct_part_0,Chromosome
k141_1472856.concoct_part_0,Chromosome
k141_2942332.concoct_part_0,Chromosome
k141_3308724.concoct_part_0,Chromosome
k141_739324.concoct_part_0,Chromosome
k141_2575146.concoct_part_0,Chromosome
k141_4043112.concoct_part_0,Chromosome
k141_2944094.concoct_part_0,Chromosome
k141_2208531.concoct_part_0,Chromosome
k141_1841576.concoct_part_0,Chromosome
k141_2944625.concoct_part_0,Chromosome
k141_373635.concoct_part_0,Chromosome
k141_6129.concoct_part_0,Chromosome
k141_3311032.concoct_part_0,Chromosome
k141_3677447.concoct_part_0,Chromosome
k141_6376.concoct_part_0,Chromosome
k141_1475881.concoct_part_0,Chromosome
k141_741703.concoct_part_0,Chromosome
k141_4045235.concoct_part_2,Chromosome
k141_1111049.concoct_part_0,Chromosome
k141_1476910.concoct_part_0,Chromosome
k141_1111330.concoct_part_0,Chromosome
k141_3312205.concoct_part_0,Chromosome
k141_375817.concoct_part_0,Chromosome
k141_1111470.concoct_part_7,Chromosome
k141_3679319.concoct_part_0,Chromosome
k141_2947706.concoct_part_0,Chromosome
k141_2947755.concoct_part_0,Chromosome
k141_376404.concoct_part_0,Chromosome
k141_1478037.concoct_part_0,Chromosome
k141_3679905.concoct_part_0,Chromosome
k141_3313214.concoct_part_0,Chromosome
k141_743187.concoct_part_9,Chromosome
k141_2948222.concoct_part_0,Chromosome
k141_2212485.concoct_part_0,Chromosome
k141_743243.concoct_part_0,Chromosome
k141_8544.concoct_part_0,Chromosome
k141_1112655.concoct_part_0,Chromosome
k141_2948431.concoct_part_0,Chromosome
k141_2948544.concoct_part_0,Chromosome
k141_2948572.concoct_part_0,Chromosome
k141_9110.concoct_part_0,Plasmid
k141_2213354.concoct_part_0,Chromosome
k141_3680988.concoct_part_0,Chromosome
k141_744035.concoct_part_0,Chromosome
k141_1846713.concoct_part_0,Chromosome
k141_2949683.concoct_part_0,Chromosome
k141_744559.concoct_part_0,Chromosome
k141_2581824.concoct_part_0,Chromosome
k141_10127.concoct_part_0,Chromosome
k141_1114878.concoct_part_0,Chromosome
k141_379233.concoct_part_0,Chromosome
k141_10961.concoct_part_0,Chromosome
k141_1116060.concoct_part_0,Chromosome
k141_4050638.concoct_part_0,Chromosome
k141_1481782.concoct_part_0,Chromosome
k141_1116466.concoct_part_3,Chromosome
k141_3316546.concoct_part_1,Chromosome
k141_11963.concoct_part_0,Chromosome
k141_1482066.concoct_part_0,Chromosome
k141_3316877.concoct_part_0,Chromosome
k141_2216754.concoct_part_0,Chromosome
k141_2216900.concoct_part_0,Chromosome
k141_2585377.concoct_part_0,Chromosome
k141_3317789.concoct_part_0,Chromosome
k141_1118024.concoct_part_0,Chromosome
k141_747270.concoct_part_0,Chromosome
k141_4053671.concoct_part_0,Chromosome
k141_2218437.concoct_part_0,Chromosome
k141_14107.concoct_part_0,Chromosome
k141_2587088.concoct_part_0,Chromosome
k141_1484381.concoct_part_0,Chromosome
k141_2218602.concoct_part_0,Chromosome
k141_2218602.concoct_part_3,Chromosome
k141_2218602.concoct_part_4,Chromosome
k141_2218602.concoct_part_5,Chromosome
k141_4054068.concoct_part_0,Chromosome
k141_4054500.concoct_part_0,Chromosome
k141_383522.concoct_part_0,Chromosome
k141_14426.concoct_part_5,Chromosome
k141_14426.concoct_part_8,Chromosome
k141_14426.concoct_part_9,Chromosome
k141_14426.concoct_part_10,Chromosome
k141_2219075.concoct_part_0,Chromosome
k141_749093.concoct_part_0,Chromosome
k141_1852623.concoct_part_0,Chromosome
k141_1120283.concoct_part_1,Chromosome
k141_1120283.concoct_part_2,Chromosome
k141_384242.concoct_part_0,Chromosome
k141_3688274.concoct_part_0,Chromosome
k141_1120844.concoct_part_0,Chromosome
k141_1485942.concoct_part_0,Chromosome
k141_1853148.concoct_part_0,Chromosome
k141_1121095.concoct_part_0,Chromosome
k141_384801.concoct_part_0,Chromosome
k141_15653.concoct_part_0,Plasmid
k141_1853433.concoct_part_0,Chromosome
k141_15992.concoct_part_0,Chromosome
k141_2957462.concoct_part_0,Chromosome
k141_750363.concoct_part_0,Chromosome
k141_2957525.concoct_part_0,Chromosome
k141_16269.concoct_part_0,Chromosome
k141_4056894.concoct_part_0,Chromosome
k141_3321793.concoct_part_2,Chromosome
k141_386114.concoct_part_0,Chromosome
k141_1854560.concoct_part_0,Chromosome
k141_750653.concoct_part_4,Chromosome
k141_750653.concoct_part_5,Chromosome
k141_1122404.concoct_part_1,Chromosome
k141_2221569.concoct_part_0,Chromosome
k141_1854909.concoct_part_0,Chromosome
k141_3322587.concoct_part_0,Chromosome
k141_387142.concoct_part_0,Chromosome
k141_1123181.concoct_part_0,Chromosome
k141_387284.concoct_part_0,Chromosome
k141_1123499.concoct_part_0,Chromosome
k141_1855654.concoct_part_0,Chromosome
k141_4059103.concoct_part_0,Chromosome
k141_3323352.concoct_part_3,Chromosome
k141_1489401.concoct_part_0,Chromosome
k141_752149.concoct_part_0,Chromosome
k141_3691822.concoct_part_0,Chromosome
k141_388486.concoct_part_0,Chromosome
k141_3324337.concoct_part_0,Chromosome
k141_1857237.concoct_part_0,Chromosome
k141_753600.concoct_part_1,Chromosome
k141_389726.concoct_part_0,Chromosome
k141_2961913.concoct_part_0,Chromosome
k141_2224473.concoct_part_0,Chromosome
k141_2593704.concoct_part_0,Chromosome
k141_1125991.concoct_part_0,Chromosome
k141_4061686.concoct_part_1,Chromosome
k141_2224879.concoct_part_2,Chromosome
k141_2224879.concoct_part_3,Chromosome
k141_3325523.concoct_part_3,Chromosome
k141_1491968.concoct_part_2,Chromosome
k141_2224977.concoct_part_0,Chromosome
k141_1858045.concoct_part_0,Chromosome
k141_3325948.concoct_part_0,Chromosome
k141_2594649.concoct_part_0,Chromosome
k141_1858373.concoct_part_0,Chromosome
k141_3326085.concoct_part_0,Chromosome
k141_3326085.concoct_part_4,Chromosome
k141_1492747.concoct_part_6,Chromosome
k141_2963904.concoct_part_0,Chromosome
k141_4063192.concoct_part_0,Chromosome
k141_1493250.concoct_part_0,Chromosome
k141_1859114.concoct_part_0,Chromosome
k141_755914.concoct_part_1,Chromosome
k141_22797.concoct_part_0,Chromosome
k141_2226628.concoct_part_0,Chromosome
k141_3696317.concoct_part_0,Chromosome
k141_1493779.concoct_part_0,Chromosome
k141_3328094.concoct_part_0,Chromosome
k141_2227304.concoct_part_0,Chromosome
k141_2227344.concoct_part_0,Chromosome
k141_1494789.concoct_part_0,Chromosome
k141_2597169.concoct_part_0,Chromosome
k141_2966273.concoct_part_0,Chromosome
k141_1129440.concoct_part_0,Chromosome
k141_757278.concoct_part_0,Chromosome
k141_2966346.concoct_part_0,Chromosome
k141_1494921.concoct_part_2,Chromosome
k141_1494921.concoct_part_3,Chromosome
k141_1129637.concoct_part_0,Chromosome
k141_3697878.concoct_part_0,Chromosome
k141_757588.concoct_part_0,Chromosome
k141_3698293.concoct_part_0,Chromosome
k141_1495370.concoct_part_0,Chromosome
k141_2598249.concoct_part_0,Chromosome
k141_758285.concoct_part_0,Chromosome
k141_2598429.concoct_part_0,Chromosome
k141_3330334.concoct_part_0,Chromosome
k141_25113.concoct_part_0,Chromosome
k141_1496150.concoct_part_0,Chromosome
k141_1496285.concoct_part_0,Chromosome
k141_25379.concoct_part_0,Chromosome
k141_1496671.concoct_part_0,Chromosome
k141_759358.concoct_part_0,Chromosome
k141_3331313.concoct_part_0,Chromosome
k141_25879.concoct_part_4,Chromosome
k141_395703.concoct_part_0,Chromosome
k141_760124.concoct_part_0,Chromosome
k141_1862205.concoct_part_7,Chromosome
k141_1862205.concoct_part_15,Chromosome
k141_1497539.concoct_part_0,Chromosome
k141_3701343.concoct_part_0,Chromosome
k141_2230884.concoct_part_0,Chromosome
k141_2970182.concoct_part_0,Chromosome
k141_27000.concoct_part_0,Chromosome
k141_2231178.concoct_part_0,Chromosome
k141_2231221.concoct_part_0,Chromosome
k141_3333047.concoct_part_0,Chromosome
k141_1499147.concoct_part_1,Chromosome
k141_1133678.concoct_part_2,Chromosome
k141_1863612.concoct_part_0,Chromosome
k141_1133849.concoct_part_0,Chromosome
k141_2971567.concoct_part_0,Chromosome
k141_1134011.concoct_part_0,Chromosome
k141_4071792.concoct_part_0,Chromosome
k141_3334282.concoct_part_0,Chromosome
k141_762608.concoct_part_0,Chromosome
k141_2601918.concoct_part_0,Chromosome
k141_28398.concoct_part_0,Chromosome
k141_28410.concoct_part_0,Chromosome
k141_1500076.concoct_part_0,Chromosome
k141_2233153.concoct_part_0,Chromosome
k141_4074171.concoct_part_0,Chromosome
k141_3705306.concoct_part_0,Chromosome
k141_400732.concoct_part_0,Chromosome
k141_2976019.concoct_part_0,Chromosome
k141_3338535.concoct_part_0,Chromosome
k141_31732.concoct_part_0,Chromosome
k141_2235972.concoct_part_0,Chromosome
k141_1867083.concoct_part_0,Chromosome
k141_2605480.concoct_part_0,Chromosome
k141_766855.concoct_part_0,Chromosome
k141_2236496.concoct_part_1,Chromosome
k141_1504420.concoct_part_0,Chromosome
k141_3339607.concoct_part_0,Chromosome
k141_3708069.concoct_part_0,Chromosome
k141_767394.concoct_part_0,Chromosome
k141_767479.concoct_part_0,Chromosome
k141_33049.concoct_part_0,Chromosome
k141_4078448.concoct_part_0,Chromosome
k141_2606927.concoct_part_0,Chromosome
k141_1868759.concoct_part_0,Chromosome
k141_2606990.concoct_part_1,Chromosome
k141_2978242.concoct_part_0,Chromosome
k141_4078713.concoct_part_0,Chromosome
k141_3708892.concoct_part_0,Chromosome
k141_403162.concoct_part_0,Chromosome
k141_2607253.concoct_part_0,Chromosome
k141_768079.concoct_part_0,Chromosome
k141_403457.concoct_part_0,Chromosome
k141_768221.concoct_part_0,Chromosome
k141_4079322.concoct_part_0,Chromosome
k141_2238637.concoct_part_0,Chromosome
k141_1506042.concoct_part_0,Chromosome
k141_403866.concoct_part_0,Chromosome
k141_768682.concoct_part_0,Chromosome
k141_2239093.concoct_part_0,Chromosome
k141_2239182.concoct_part_0,Chromosome
k141_2979791.concoct_part_0,Chromosome
k141_404203.concoct_part_1,Chromosome
k141_4080580.concoct_part_0,Chromosome
k141_3710702.concoct_part_0,Chromosome
k141_3710801.concoct_part_0,Chromosome
k141_1140788.concoct_part_0,Chromosome
k141_769688.concoct_part_0,Chromosome
k141_1507397.concoct_part_0,Chromosome
k141_2980730.concoct_part_0,Chromosome
k141_1141634.concoct_part_1,Chromosome
k141_3343488.concoct_part_0,Chromosome
k141_1508444.concoct_part_0,Chromosome
k141_3711764.concoct_part_0,Chromosome
k141_3711764.concoct_part_1,Plasmid
k141_3711764.concoct_part_2,Plasmid
k141_2241426.concoct_part_0,Chromosome
k141_4083156.concoct_part_0,Plasmid
k141_1509118.concoct_part_0,Chromosome
k141_2241863.concoct_part_0,Chromosome
k141_771117.concoct_part_0,Chromosome
k141_406192.concoct_part_0,Chromosome
k141_1872770.concoct_part_0,Chromosome
k141_1142757.concoct_part_0,Chromosome
k141_1873036.concoct_part_0,Chromosome
k141_3712677.concoct_part_0,Chromosome
k141_3712684.concoct_part_0,Chromosome
k141_3344746.concoct_part_1,Chromosome
k141_2611763.concoct_part_0,Chromosome
k141_2611984.concoct_part_0,Chromosome
k141_2242791.concoct_part_3,Chromosome
k141_1144129.concoct_part_0,Chromosome
k141_2242979.concoct_part_5,Chromosome
k141_1510939.concoct_part_0,Chromosome
k141_772424.concoct_part_0,Chromosome
k141_1144355.concoct_part_0,Chromosome
k141_2243212.concoct_part_0,Chromosome
k141_1511271.concoct_part_0,Chromosome
k141_1874216.concoct_part_0,Chromosome
k141_38866.concoct_part_0,Chromosome
k141_39067.concoct_part_3,Chromosome
k141_39067.concoct_part_4,Chromosome
k141_2243821.concoct_part_0,Chromosome
k141_39164.concoct_part_0,Chromosome
k141_3714418.concoct_part_0,Chromosome
k141_408150.concoct_part_0,Chromosome
k141_3346737.concoct_part_6,Chromosome
k141_3346737.concoct_part_7,Chromosome
k141_3346737.concoct_part_9,Chromosome
k141_4086507.concoct_part_0,Chromosome
k141_408677.concoct_part_0,Chromosome
k141_3347458.concoct_part_0,Chromosome
k141_3347458.concoct_part_2,Plasmid
k141_2988088.concoct_part_0,Chromosome
k141_774522.concoct_part_0,Chromosome
k141_774573.concoct_part_0,Chromosome
k141_409825.concoct_part_0,Chromosome
k141_774950.concoct_part_0,Chromosome
k141_1513524.concoct_part_0,Chromosome
k141_2615929.concoct_part_0,Chromosome
k141_410354.concoct_part_0,Chromosome
k141_2616434.concoct_part_0,Chromosome
k141_2246715.concoct_part_0,Chromosome
k141_42431.concoct_part_0,Chromosome
k141_2617110.concoct_part_0,Chromosome
k141_3717736.concoct_part_0,Chromosome
k141_1148685.concoct_part_0,Chromosome
k141_776783.concoct_part_0,Chromosome
k141_412031.concoct_part_0,Chromosome
k141_777094.concoct_part_0,Chromosome
k141_43849.concoct_part_0,Chromosome
k141_1149690.concoct_part_0,Chromosome
k141_412225.concoct_part_0,Chromosome
k141_1516224.concoct_part_0,Chromosome
k141_3352294.concoct_part_0,Chromosome
k141_2248737.concoct_part_0,Chromosome
k141_3352467.concoct_part_0,Chromosome
k141_2992761.concoct_part_0,Chromosome
k141_412507.concoct_part_4,Chromosome
k141_412507.concoct_part_7,Chromosome
k141_1516564.concoct_part_0,Chromosome
k141_1879171.concoct_part_0,Chromosome
k141_1150607.concoct_part_0,Chromosome
k141_3352633.concoct_part_4,Chromosome
k141_778076.concoct_part_0,Chromosome
k141_3719922.concoct_part_0,Chromosome
k141_2619531.concoct_part_0,Chromosome
k141_778516.concoct_part_0,Chromosome
k141_1879997.concoct_part_0,Chromosome
k141_778825.concoct_part_0,Chromosome
k141_4093892.concoct_part_0,Chromosome
k141_1151785.concoct_part_0,Chromosome
k141_3720882.concoct_part_0,Chromosome
k141_4094505.concoct_part_0,Chromosome
k141_779295.concoct_part_0,Chromosome
k141_1152578.concoct_part_0,Chromosome
k141_2620989.concoct_part_0,Chromosome
k141_47217.concoct_part_0,Chromosome
k141_414246.concoct_part_0,Chromosome
k141_779836.concoct_part_0,Chromosome
k141_1881357.concoct_part_0,Chromosome
k141_3721857.concoct_part_0,Chromosome
k141_1881803.concoct_part_0,Chromosome
k141_780436.concoct_part_0,Chromosome
k141_48011.concoct_part_5,Chromosome
k141_48011.concoct_part_6,Chromosome
k141_48011.concoct_part_8,Chromosome
k141_3356183.concoct_part_0,Chromosome
k141_780760.concoct_part_0,Chromosome
k141_1882679.concoct_part_0,Chromosome
k141_1154348.concoct_part_0,Chromosome
k141_1154446.concoct_part_0,Chromosome
k141_49029.concoct_part_0,Chromosome
k141_2622714.concoct_part_1,Chromosome
k141_3357131.concoct_part_0,Chromosome
k141_3723438.concoct_part_0,Chromosome
k141_3357309.concoct_part_0,Chromosome
k141_2252489.concoct_part_0,Chromosome
k141_1154738.concoct_part_0,Chromosome
k141_1154810.concoct_part_0,Chromosome
k141_1520696.concoct_part_0,Chromosome
k141_415990.concoct_part_0,Chromosome
k141_4098546.concoct_part_0,Chromosome
k141_2252989.concoct_part_0,Chromosome
k141_2253048.concoct_part_0,Chromosome
k141_2253382.concoct_part_1,Chromosome
k141_2623889.concoct_part_0,Chromosome
k141_782023.concoct_part_5,Chromosome
k141_1521736.concoct_part_0,Chromosome
k141_4099781.concoct_part_0,Chromosome
k141_1884752.concoct_part_0,Chromosome
k141_1522318.concoct_part_0,Chromosome
k141_3359621.concoct_part_0,Chromosome
k141_1156592.concoct_part_1,Chromosome
k141_1156592.concoct_part_2,Chromosome
k141_1156734.concoct_part_0,Chromosome
k141_3359827.concoct_part_0,Chromosome
k141_2624831.concoct_part_1,Chromosome
k141_2624831.concoct_part_4,Chromosome
k141_2624831.concoct_part_5,Chromosome
k141_3360082.concoct_part_0,Chromosome
k141_3001160.concoct_part_3,Chromosome
k141_3001160.concoct_part_5,Chromosome
k141_1885727.concoct_part_0,Chromosome
k141_3360526.concoct_part_0,Chromosome
k141_784029.concoct_part_0,Chromosome
k141_4101996.concoct_part_0,Chromosome
k141_784319.concoct_part_0,Chromosome
k141_3361418.concoct_part_0,Chromosome
k141_3726975.concoct_part_0,Chromosome
k141_784790.concoct_part_0,Chromosome
k141_1887383.concoct_part_0,Chromosome
k141_785212.concoct_part_0,Chromosome
k141_1887485.concoct_part_0,Chromosome
k141_3362253.concoct_part_0,Chromosome
k141_53699.concoct_part_0,Chromosome
k141_53732.concoct_part_0,Chromosome
k141_1159598.concoct_part_0,Chromosome
k141_3363055.concoct_part_0,Chromosome
k141_1888618.concoct_part_0,Chromosome
k141_420498.concoct_part_0,Chromosome
k141_1888780.concoct_part_0,Chromosome
k141_3363469.concoct_part_0,Chromosome
k141_420682.concoct_part_1,Chromosome
k141_420804.concoct_part_0,Chromosome
k141_3364069.concoct_part_0,Chromosome
k141_787628.concoct_part_1,Chromosome
k141_55418.concoct_part_0,Chromosome
k141_1526638.concoct_part_0,Chromosome
k141_3730288.concoct_part_0,Chromosome
k141_1526791.concoct_part_0,Chromosome
k141_2259607.concoct_part_0,Chromosome
k141_788945.concoct_part_0,Chromosome
k141_789123.concoct_part_0,Chromosome
k141_1527192.concoct_part_4,Chromosome
k141_1161723.concoct_part_0,Chromosome
k141_1527495.concoct_part_0,Chromosome
k141_3731235.concoct_part_0,Chromosome
k141_422642.concoct_part_0,Chromosome
k141_4107159.concoct_part_0,Chromosome
k141_2630653.concoct_part_1,Chromosome
k141_2630761.concoct_part_0,Chromosome
k141_1891509.concoct_part_0,Chromosome
k141_1162451.concoct_part_0,Chromosome
k141_3731742.concoct_part_0,Chromosome
k141_1528303.concoct_part_0,Chromosome
k141_3366792.concoct_part_0,Chromosome
k141_3732414.concoct_part_0,Chromosome
k141_1528685.concoct_part_0,Plasmid
k141_3009548.concoct_part_0,Chromosome
k141_3367079.concoct_part_0,Chromosome
k141_57905.concoct_part_0,Chromosome
k141_2631750.concoct_part_0,Chromosome
k141_2261942.concoct_part_0,Chromosome
k141_3009807.concoct_part_0,Chromosome
k141_2262210.concoct_part_0,Chromosome
k141_1892768.concoct_part_0,Chromosome
k141_3733081.concoct_part_0,Chromosome
k141_1892801.concoct_part_0,Chromosome
k141_2262260.concoct_part_0,Chromosome
k141_3367623.concoct_part_0,Chromosome
k141_1892856.concoct_part_0,Chromosome
k141_1164082.concoct_part_0,Chromosome
k141_792116.concoct_part_0,Chromosome
k141_3010783.concoct_part_0,Chromosome
k141_3368680.concoct_part_0,Chromosome
k141_2631969.concoct_part_1,Chromosome
k141_2631969.concoct_part_33,Chromosome
k141_4110797.concoct_part_0,Chromosome
k141_59572.concoct_part_0,Chromosome
k141_1530688.concoct_part_0,Chromosome
k141_3012141.concoct_part_0,Chromosome
k141_3369421.concoct_part_4,Chromosome
k141_1165622.concoct_part_0,Chromosome
k141_425855.concoct_part_0,Chromosome
k141_3735108.concoct_part_2,Chromosome
k141_1166050.concoct_part_0,Chromosome
k141_1894846.concoct_part_0,Plasmid
k141_1894864.concoct_part_0,Chromosome
k141_2264651.concoct_part_0,Chromosome
k141_3370511.concoct_part_0,Chromosome
k141_1895172.concoct_part_0,Chromosome
k141_2633544.concoct_part_0,Chromosome
k141_1532003.concoct_part_0,Chromosome
k141_1167064.concoct_part_0,Chromosome
k141_794897.concoct_part_0,Chromosome
k141_1532070.concoct_part_0,Chromosome
k141_795300.concoct_part_0,Chromosome
k141_4113199.concoct_part_0,Chromosome
k141_427397.concoct_part_0,Chromosome
k141_2634386.concoct_part_1,Chromosome
k141_1532786.concoct_part_0,Chromosome
k141_61949.concoct_part_0,Chromosome
k141_3372347.concoct_part_0,Chromosome
k141_2266199.concoct_part_3,Chromosome
k141_3737311.concoct_part_1,Chromosome
k141_2266778.concoct_part_0,Chromosome
k141_428633.concoct_part_0,Chromosome
k141_796967.concoct_part_0,Chromosome
k141_2635796.concoct_part_2,Chromosome
k141_428883.concoct_part_0,Chromosome
k141_2636435.concoct_part_0,Chromosome
k141_2636675.concoct_part_0,Chromosome
k141_2267678.concoct_part_0,Chromosome
k141_3374018.concoct_part_0,Chromosome
k141_4117422.concoct_part_0,Chromosome
k141_2637591.concoct_part_0,Chromosome
k141_1171024.concoct_part_0,Chromosome
k141_2268286.concoct_part_0,Chromosome
k141_798992.concoct_part_0,Chromosome
k141_64389.concoct_part_0,Chromosome
k141_430190.concoct_part_0,Chromosome
k141_64478.concoct_part_0,Chromosome
k141_1171232.concoct_part_0,Chromosome
k141_3739963.concoct_part_0,Chromosome
k141_799603.concoct_part_0,Chromosome
k141_3375588.concoct_part_0,Chromosome
k141_3375875.concoct_part_0,Chromosome
k141_800009.concoct_part_0,Chromosome
k141_2269262.concoct_part_0,Chromosome
k141_3020357.concoct_part_0,Chromosome
k141_4119225.concoct_part_0,Chromosome
k141_3376822.concoct_part_0,Chromosome
k141_3741789.concoct_part_0,Chromosome
k141_432193.concoct_part_0,Chromosome
k141_432218.concoct_part_0,Chromosome
k141_2640188.concoct_part_1,Chromosome
k141_66641.concoct_part_0,Chromosome
k141_2640384.concoct_part_0,Chromosome
k141_3742200.concoct_part_0,Chromosome
k141_2640386.concoct_part_1,Chromosome
k141_2640386.concoct_part_2,Chromosome
k141_432660.concoct_part_0,Chromosome
k141_3742576.concoct_part_0,Chromosome
k141_1538408.concoct_part_0,Chromosome
k141_802240.concoct_part_0,Chromosome
k141_432854.concoct_part_0,Chromosome
k141_2641201.concoct_part_0,Chromosome
k141_1174418.concoct_part_0,Chromosome
k141_1174458.concoct_part_0,Chromosome
k141_1174475.concoct_part_0,Chromosome
k141_1538932.concoct_part_2,Chromosome
k141_1902783.concoct_part_0,Chromosome
k141_4122472.concoct_part_0,Chromosome
k141_1902809.concoct_part_2,Chromosome
k141_3379296.concoct_part_0,Chromosome
k141_3743548.concoct_part_1,Chromosome
k141_1902884.concoct_part_0,Chromosome
k141_803561.concoct_part_0,Chromosome
k141_3743697.concoct_part_0,Chromosome
k141_3379515.concoct_part_0,Chromosome
k141_3024027.concoct_part_0,Chromosome
k141_1539755.concoct_part_0,Chromosome
k141_3743936.concoct_part_0,Chromosome
k141_1903407.concoct_part_0,Chromosome
k141_69143.concoct_part_0,Chromosome
k141_2642838.concoct_part_0,Chromosome
k141_2642838.concoct_part_1,Chromosome
k141_1903545.concoct_part_0,Chromosome
k141_3379775.concoct_part_4,Chromosome
k141_69393.concoct_part_0,Chromosome
k141_1540719.concoct_part_0,Chromosome
k141_805020.concoct_part_0,Chromosome
k141_1903952.concoct_part_0,Chromosome
k141_3745083.concoct_part_0,Chromosome
k141_3026350.concoct_part_0,Chromosome
k141_3745425.concoct_part_0,Chromosome
k141_435702.concoct_part_3,Chromosome
k141_435711.concoct_part_0,Chromosome
k141_3745542.concoct_part_0,Chromosome
k141_3381155.concoct_part_0,Chromosome
k141_2644864.concoct_part_0,Chromosome
k141_1904938.concoct_part_0,Chromosome
k141_2275101.concoct_part_0,Chromosome
k141_1178241.concoct_part_0,Chromosome
k141_2275146.concoct_part_0,Chromosome
k141_1905334.concoct_part_0,Chromosome
k141_437134.concoct_part_0,Chromosome
k141_72063.concoct_part_0,Chromosome
k141_2276074.concoct_part_0,Chromosome
k141_437442.concoct_part_0,Chromosome
k141_1905749.concoct_part_1,Chromosome
k141_3747125.concoct_part_0,Chromosome
k141_437721.concoct_part_0,Chromosome
k141_1906088.concoct_part_0,Chromosome
k141_3028926.concoct_part_0,Chromosome
k141_4128266.concoct_part_0,Chromosome
k141_2647195.concoct_part_0,Chromosome
k141_1544612.concoct_part_0,Chromosome
k141_4129234.concoct_part_0,Chromosome
k141_74028.concoct_part_2,Plasmid
k141_4129430.concoct_part_2,Chromosome
k141_1907777.concoct_part_0,Chromosome
k141_1908081.concoct_part_0,Chromosome
k141_2278418.concoct_part_0,Chromosome
k141_3031059.concoct_part_5,Plasmid
k141_3749055.concoct_part_0,Chromosome
k141_1908752.concoct_part_0,Chromosome
k141_3031899.concoct_part_0,Chromosome
k141_4131103.concoct_part_0,Chromosome
k141_3032108.concoct_part_0,Chromosome
k141_2649691.concoct_part_0,Chromosome
k141_1183148.concoct_part_0,Chromosome
k141_1546640.concoct_part_0,Chromosome
k141_1909477.concoct_part_0,Chromosome
k141_3750042.concoct_part_0,Chromosome
k141_1183330.concoct_part_0,Chromosome
k141_3386469.concoct_part_0,Chromosome
k141_1909640.concoct_part_0,Chromosome
k141_76311.concoct_part_0,Chromosome
k141_1547193.concoct_part_0,Chromosome
k141_3750501.concoct_part_0,Chromosome
k141_1183790.concoct_part_0,Chromosome
k141_2650592.concoct_part_0,Chromosome
k141_76404.concoct_part_0,Chromosome
k141_3033171.concoct_part_0,Chromosome
k141_1910044.concoct_part_0,Chromosome
k141_2650879.concoct_part_0,Chromosome
k141_4132458.concoct_part_3,Chromosome
k141_811997.concoct_part_3,Chromosome
k141_1184224.concoct_part_0,Chromosome
k141_2280267.concoct_part_0,Chromosome
k141_4132714.concoct_part_0,Chromosome
k141_441744.concoct_part_0,Chromosome
k141_77066.concoct_part_0,Chromosome
k141_77066.concoct_part_4,Chromosome
k141_77118.concoct_part_1,Plasmid
k141_77125.concoct_part_0,Chromosome
k141_77127.concoct_part_0,Chromosome
k141_1184776.concoct_part_0,Chromosome
k141_1548001.concoct_part_0,Chromosome
k141_1548001.concoct_part_2,Chromosome
k141_1184954.concoct_part_0,Chromosome
k141_3751837.concoct_part_0,Chromosome
k141_2652382.concoct_part_0,Chromosome
k141_3388787.concoct_part_0,Chromosome
k141_443178.concoct_part_0,Chromosome
k141_3752231.concoct_part_0,Chromosome
k141_78345.concoct_part_0,Chromosome
k141_2282010.concoct_part_0,Chromosome
k141_3035787.concoct_part_0,Chromosome
k141_3389582.concoct_part_0,Chromosome
k141_1912123.concoct_part_0,Chromosome
k141_3036208.concoct_part_0,Chromosome
k141_79255.concoct_part_0,Chromosome
k141_814330.concoct_part_0,Chromosome
k141_814330.concoct_part_2,Chromosome
k141_444334.concoct_part_0,Chromosome
k141_1549903.concoct_part_0,Chromosome
k141_2654279.concoct_part_0,Chromosome
k141_1549998.concoct_part_0,Chromosome
k141_2654461.concoct_part_0,Chromosome
k141_4136706.concoct_part_0,Chromosome
k141_1550248.concoct_part_0,Chromosome
k141_814954.concoct_part_0,Chromosome
k141_1550342.concoct_part_0,Chromosome
k141_1550342.concoct_part_1,Chromosome
k141_3754186.concoct_part_0,Chromosome
k141_1550376.concoct_part_0,Chromosome
k141_444988.concoct_part_0,Chromosome
k141_3391026.concoct_part_0,Chromosome
k141_4137332.concoct_part_0,Chromosome
k141_1550667.concoct_part_0,Chromosome
k141_1913156.concoct_part_13,Chromosome
k141_80489.concoct_part_0,Chromosome
k141_815647.concoct_part_1,Chromosome
k141_1551078.concoct_part_0,Chromosome
k141_1913505.concoct_part_0,Chromosome
k141_1913572.concoct_part_0,Chromosome
k141_4138062.concoct_part_0,Chromosome
k141_3038054.concoct_part_0,Chromosome
k141_1914091.concoct_part_0,Chromosome
k141_3392019.concoct_part_1,Chromosome
k141_3038641.concoct_part_0,Chromosome
k141_4138865.concoct_part_0,Chromosome
k141_3392222.concoct_part_0,Chromosome
k141_3756240.concoct_part_0,Chromosome
k141_1188502.concoct_part_11,Chromosome
k141_1188502.concoct_part_17,Chromosome
k141_1188502.concoct_part_23,Chromosome
k141_2657055.concoct_part_0,Chromosome
k141_3392700.concoct_part_0,Chromosome
k141_2657268.concoct_part_0,Chromosome
k141_3039465.concoct_part_0,Chromosome
k141_817287.concoct_part_4,Chromosome
k141_2657393.concoct_part_0,Chromosome
k141_1914945.concoct_part_0,Chromosome
k141_2657478.concoct_part_0,Chromosome
k141_1189034.concoct_part_0,Chromosome
k141_2657590.concoct_part_1,Chromosome
k141_3039822.concoct_part_0,Chromosome
k141_2286716.concoct_part_0,Chromosome
k141_3393602.concoct_part_0,Chromosome
k141_1554139.concoct_part_0,Chromosome
k141_3757588.concoct_part_0,Chromosome
k141_3394488.concoct_part_0,Chromosome
k141_448923.concoct_part_0,Chromosome
k141_818561.concoct_part_4,Chromosome
k141_3758364.concoct_part_0,Chromosome
k141_2659339.concoct_part_0,Chromosome
k141_2659397.concoct_part_1,Chromosome
k141_4142151.concoct_part_0,Chromosome
k141_3395118.concoct_part_0,Chromosome
k141_3395176.concoct_part_0,Chromosome
k141_3042115.concoct_part_0,Chromosome
k141_450084.concoct_part_0,Chromosome
k141_3042242.concoct_part_1,Plasmid
k141_1191057.concoct_part_0,Chromosome
k141_84653.concoct_part_0,Chromosome
k141_85024.concoct_part_0,Chromosome
k141_2289272.concoct_part_0,Chromosome
k141_3759846.concoct_part_0,Chromosome
k141_4143696.concoct_part_0,Chromosome
k141_3759971.concoct_part_0,Chromosome
k141_1557781.concoct_part_4,Chromosome
k141_4143753.concoct_part_0,Chromosome
k141_451514.concoct_part_2,Chromosome
k141_2661499.concoct_part_0,Chromosome
k141_85962.concoct_part_0,Chromosome
k141_2290575.concoct_part_0,Chromosome
k141_1558623.concoct_part_0,Chromosome
k141_1918426.concoct_part_0,Chromosome
k141_1193083.concoct_part_0,Chromosome
k141_3397572.concoct_part_0,Chromosome
k141_2290996.concoct_part_0,Chromosome
k141_2662302.concoct_part_1,Chromosome
k141_3760970.concoct_part_0,Chromosome
k141_452579.concoct_part_0,Chromosome
k141_2291165.concoct_part_8,Chromosome
k141_87092.concoct_part_0,Chromosome
k141_2662890.concoct_part_0,Chromosome
k141_4145593.concoct_part_0,Chromosome
k141_2663125.concoct_part_0,Chromosome
k141_2291756.concoct_part_0,Chromosome
k141_2663228.concoct_part_0,Chromosome
k141_3046307.concoct_part_0,Chromosome
k141_1919717.concoct_part_0,Chromosome
k141_3046449.concoct_part_0,Chromosome
k141_87821.concoct_part_0,Chromosome
k141_1920374.concoct_part_0,Chromosome
k141_2663690.concoct_part_0,Chromosome
k141_2663690.concoct_part_8,Chromosome
k141_88483.concoct_part_0,Chromosome
k141_3762950.concoct_part_0,Chromosome
k141_823891.concoct_part_0,Chromosome
k141_3048111.concoct_part_0,Chromosome
k141_89013.concoct_part_0,Chromosome
k141_3048239.concoct_part_0,Chromosome
k141_3399759.concoct_part_0,Chromosome
k141_1921328.concoct_part_0,Chromosome
k141_3048527.concoct_part_0,Chromosome
k141_1562674.concoct_part_0,Chromosome
k141_1562674.concoct_part_2,Chromosome
k141_2294078.concoct_part_0,Chromosome
k141_3400568.concoct_part_2,Chromosome
k141_4149354.concoct_part_0,Chromosome
k141_3049495.concoct_part_0,Chromosome
k141_3049495.concoct_part_6,Chromosome
k141_3049495.concoct_part_7,Chromosome
k141_1922439.concoct_part_0,Chromosome
k141_90862.concoct_part_0,Chromosome
k141_2666281.concoct_part_1,Chromosome
k141_2666281.concoct_part_2,Chromosome
k141_1197345.concoct_part_0,Chromosome
k141_3765312.concoct_part_0,Chromosome
k141_3051168.concoct_part_0,Chromosome
k141_92055.concoct_part_0,Chromosome
k141_3766508.concoct_part_0,Chromosome
k141_1924246.concoct_part_0,Chromosome
k141_459692.concoct_part_0,Chromosome
k141_827886.concoct_part_0,Chromosome
k141_827893.concoct_part_0,Chromosome
k141_4152601.concoct_part_0,Chromosome
k141_3403484.concoct_part_0,Chromosome
k141_828341.concoct_part_0,Chromosome
k141_2297486.concoct_part_0,Chromosome
k141_1566537.concoct_part_2,Plasmid
k141_1566537.concoct_part_5,Chromosome
k141_1566537.concoct_part_6,Chromosome
k141_1925712.concoct_part_0,Chromosome
k141_2669499.concoct_part_0,Chromosome
k141_3768545.concoct_part_0,Chromosome
k141_829507.concoct_part_0,Chromosome
k141_1200312.concoct_part_0,Chromosome
k141_94707.concoct_part_0,Chromosome
k141_1567795.concoct_part_0,Chromosome
k141_1200451.concoct_part_0,Chromosome
k141_830151.concoct_part_0,Chromosome
k141_1200600.concoct_part_0,Chromosome
k141_2298979.concoct_part_0,Chromosome
k141_3055651.concoct_part_0,Chromosome
k141_1568522.concoct_part_0,Chromosome
k141_2299786.concoct_part_0,Chromosome
k141_463726.concoct_part_0,Chromosome
k141_1568927.concoct_part_0,Chromosome
k141_2671359.concoct_part_0,Chromosome
k141_831516.concoct_part_0,Chromosome
k141_831610.concoct_part_0,Chromosome
k141_3770658.concoct_part_0,Chromosome
k141_2300319.concoct_part_0,Chromosome
k141_1928315.concoct_part_0,Chromosome
k141_1202172.concoct_part_0,Chromosome
k141_3057494.concoct_part_0,Chromosome
k141_2672500.concoct_part_0,Chromosome
k141_96779.concoct_part_0,Chromosome
k141_4157744.concoct_part_0,Chromosome
k141_4158078.concoct_part_0,Chromosome
k141_2673767.concoct_part_0,Chromosome
k141_1203803.concoct_part_0,Chromosome
k141_3059699.concoct_part_0,Chromosome
k141_3773388.concoct_part_0,Chromosome
k141_834471.concoct_part_1,Chromosome
k141_3409628.concoct_part_0,Chromosome
k141_2303666.concoct_part_0,Chromosome
k141_1933415.concoct_part_0,Chromosome
k141_3062236.concoct_part_0,Chromosome
k141_1933845.concoct_part_0,Chromosome
k141_2304650.concoct_part_0,Chromosome
k141_2304687.concoct_part_0,Chromosome
k141_3412125.concoct_part_0,Chromosome
k141_470028.concoct_part_0,Chromosome
k141_100745.concoct_part_0,Chromosome
k141_470188.concoct_part_0,Chromosome
k141_3412576.concoct_part_0,Chromosome
k141_3063327.concoct_part_0,Chromosome
k141_1934563.concoct_part_0,Chromosome
k141_2305321.concoct_part_0,Chromosome
k141_3776208.concoct_part_0,Chromosome
k141_3413109.concoct_part_0,Chromosome
k141_101659.concoct_part_0,Chromosome
k141_101720.concoct_part_0,Chromosome
k141_3776615.concoct_part_0,Chromosome
k141_2305811.concoct_part_0,Chromosome
k141_838038.concoct_part_0,Chromosome
k141_3413997.concoct_part_0,Chromosome
k141_1208235.concoct_part_0,Plasmid
k141_3414096.concoct_part_0,Chromosome
k141_1935909.concoct_part_0,Chromosome
k141_4164445.concoct_part_0,Chromosome
k141_1577378.concoct_part_0,Chromosome
k141_2306608.concoct_part_0,Chromosome
k141_2678641.concoct_part_0,Chromosome
k141_102710.concoct_part_0,Chromosome
k141_472475.concoct_part_5,Chromosome
k141_1209339.concoct_part_0,Chromosome
k141_3066258.concoct_part_0,Chromosome
k141_2307615.concoct_part_0,Chromosome
k141_3778416.concoct_part_1,Chromosome
k141_3414922.concoct_part_5,Chromosome
k141_1210239.concoct_part_0,Chromosome
k141_3415316.concoct_part_0,Chromosome
k141_2680601.concoct_part_0,Chromosome
k141_840689.concoct_part_0,Chromosome
k141_840711.concoct_part_0,Chromosome
k141_2308802.concoct_part_0,Chromosome
k141_3415965.concoct_part_0,Chromosome
k141_3067680.concoct_part_2,Chromosome
k141_104434.concoct_part_0,Chromosome
k141_1580328.concoct_part_0,Chromosome
k141_475656.concoct_part_0,Chromosome
k141_3069007.concoct_part_0,Chromosome
k141_3069401.concoct_part_0,Chromosome
k141_1212407.concoct_part_0,Chromosome
k141_842369.concoct_part_0,Chromosome
k141_4170217.concoct_part_0,Chromosome
k141_3418123.concoct_part_0,Chromosome
k141_2310730.concoct_part_5,Chromosome
k141_1941195.concoct_part_0,Chromosome
k141_3070873.concoct_part_1,Chromosome
k141_1583038.concoct_part_0,Chromosome
k141_2311907.concoct_part_0,Chromosome
k141_478181.concoct_part_4,Chromosome
k141_1214708.concoct_part_0,Chromosome
k141_478250.concoct_part_0,Chromosome
k141_2684251.concoct_part_0,Chromosome
k141_108090.concoct_part_0,Chromosome
k141_478461.concoct_part_0,Chromosome
k141_4172733.concoct_part_0,Chromosome
k141_478770.concoct_part_0,Chromosome
k141_4172972.concoct_part_0,Chromosome
k141_2312888.concoct_part_0,Chromosome
k141_1584914.concoct_part_0,Chromosome
k141_4173793.concoct_part_0,Chromosome
k141_3785010.concoct_part_0,Chromosome
k141_3073856.concoct_part_0,Chromosome
k141_479963.concoct_part_1,Chromosome
k141_3422340.concoct_part_0,Chromosome
k141_109735.concoct_part_0,Chromosome
k141_1216651.concoct_part_0,Chromosome
k141_3785402.concoct_part_0,Chromosome
k141_4174623.concoct_part_0,Chromosome
k141_846108.concoct_part_0,Chromosome
k141_846233.concoct_part_0,Chromosome
k141_3422707.concoct_part_0,Plasmid
k141_1943867.concoct_part_0,Chromosome
k141_3785592.concoct_part_0,Chromosome
k141_1586429.concoct_part_0,Chromosome
k141_1944327.concoct_part_0,Chromosome
k141_4175838.concoct_part_0,Chromosome
k141_847037.concoct_part_0,Chromosome
k141_1587009.concoct_part_0,Chromosome
k141_3423941.concoct_part_0,Chromosome
k141_1217835.concoct_part_6,Chromosome
k141_482068.concoct_part_0,Chromosome
k141_1587666.concoct_part_0,Chromosome
k141_482112.concoct_part_0,Chromosome
k141_1945344.concoct_part_0,Chromosome
k141_2315808.concoct_part_0,Chromosome
k141_1945662.concoct_part_0,Chromosome
k141_112119.concoct_part_0,Chromosome
k141_1945889.concoct_part_0,Chromosome
k141_2316486.concoct_part_0,Chromosome
k141_483155.concoct_part_0,Chromosome
k141_848795.concoct_part_0,Chromosome
k141_112923.concoct_part_0,Chromosome
k141_1946678.concoct_part_0,Plasmid
k141_3078430.concoct_part_2,Chromosome
k141_2317376.concoct_part_0,Chromosome
k141_1589614.concoct_part_0,Chromosome
k141_3426554.concoct_part_2,Chromosome
k141_2690013.concoct_part_0,Chromosome
k141_3426655.concoct_part_0,Chromosome
k141_2690111.concoct_part_0,Chromosome
k141_4179708.concoct_part_0,Chromosome
k141_3079658.concoct_part_0,Chromosome
k141_4180505.concoct_part_0,Chromosome
k141_1948046.concoct_part_0,Chromosome
k141_3790093.concoct_part_0,Chromosome
k141_3080282.concoct_part_0,Chromosome
k141_4181183.concoct_part_0,Chromosome
k141_485565.concoct_part_0,Chromosome
k141_3080762.concoct_part_0,Chromosome
k141_1592035.concoct_part_0,Chromosome
k141_2691811.concoct_part_0,Chromosome
k141_486082.concoct_part_0,Chromosome
k141_2319637.concoct_part_1,Chromosome
k141_486288.concoct_part_0,Chromosome
k141_2319953.concoct_part_0,Chromosome
k141_1222606.concoct_part_0,Chromosome
k141_1222682.concoct_part_0,Chromosome
k141_852432.concoct_part_0,Chromosome
k141_2320722.concoct_part_0,Chromosome
k141_1594122.concoct_part_0,Chromosome
k141_3082527.concoct_part_0,Chromosome
k141_2321029.concoct_part_0,Chromosome
k141_2693865.concoct_part_0,Chromosome
k141_1950477.concoct_part_0,Chromosome
k141_4184023.concoct_part_0,Chromosome
k141_3431327.concoct_part_0,Chromosome
k141_2694616.concoct_part_0,Chromosome
k141_3431623.concoct_part_0,Chromosome
k141_488624.concoct_part_1,Chromosome
k141_488624.concoct_part_9,Chromosome
k141_1225533.concoct_part_0,Chromosome
k141_3085944.concoct_part_0,Chromosome
k141_120337.concoct_part_1,Chromosome
k141_1227055.concoct_part_0,Chromosome
k141_490743.concoct_part_0,Chromosome
k141_3434189.concoct_part_0,Chromosome
k141_856131.concoct_part_0,Chromosome
k141_1598800.concoct_part_0,Chromosome
k141_3087224.concoct_part_0,Chromosome
k141_1228093.concoct_part_0,Plasmid
k141_856832.concoct_part_0,Chromosome
k141_4188499.concoct_part_0,Chromosome
k141_121901.concoct_part_0,Chromosome
k141_492093.concoct_part_0,Chromosome
k141_1599899.concoct_part_1,Chromosome
k141_2699271.concoct_part_0,Chromosome
k141_2326359.concoct_part_0,Chromosome
k141_3436597.concoct_part_0,Chromosome
k141_2327282.concoct_part_0,Chromosome
k141_3437949.concoct_part_0,Chromosome
k141_1230764.concoct_part_0,Chromosome
k141_859289.concoct_part_0,Chromosome
k141_494561.concoct_part_0,Chromosome
k141_1230980.concoct_part_2,Chromosome
k141_1230980.concoct_part_3,Chromosome
k141_1602766.concoct_part_0,Chromosome
k141_2701627.concoct_part_0,Chromosome
k141_3091335.concoct_part_0,Chromosome
k141_494871.concoct_part_0,Chromosome
k141_3091519.concoct_part_0,Chromosome
k141_1231327.concoct_part_0,Chromosome
k141_125436.concoct_part_0,Chromosome
k141_495212.concoct_part_0,Chromosome
k141_1958196.concoct_part_1,Chromosome
k141_3800293.concoct_part_0,Chromosome
k141_125683.concoct_part_0,Chromosome
k141_860505.concoct_part_0,Chromosome
k141_3800563.concoct_part_0,Chromosome
k141_495994.concoct_part_0,Chromosome
k141_1604243.concoct_part_0,Chromosome
k141_2329966.concoct_part_0,Chromosome
k141_1232761.concoct_part_0,Chromosome
k141_3440501.concoct_part_0,Chromosome
k141_1959823.concoct_part_0,Chromosome
k141_1605727.concoct_part_0,Chromosome
k141_3802129.concoct_part_0,Chromosome
k141_4196182.concoct_part_0,Chromosome
k141_862471.concoct_part_0,Chromosome
k141_2331457.concoct_part_0,Chromosome
k141_3442473.concoct_part_0,Chromosome
k141_863305.concoct_part_0,Chromosome
k141_2705555.concoct_part_0,Chromosome
k141_128828.concoct_part_0,Chromosome
k141_1606871.concoct_part_4,Chromosome
k141_1961223.concoct_part_6,Chromosome
k141_2705779.concoct_part_0,Chromosome
k141_3443107.concoct_part_0,Chromosome
k141_863887.concoct_part_0,Chromosome
k141_129587.concoct_part_0,Chromosome
k141_2706776.concoct_part_0,Chromosome
k141_3097709.concoct_part_0,Chromosome
k141_2333241.concoct_part_0,Chromosome
k141_3804330.concoct_part_0,Chromosome
k141_3098192.concoct_part_0,Chromosome
k141_3098334.concoct_part_0,Chromosome
k141_1237169.concoct_part_0,Chromosome
k141_4200796.concoct_part_0,Chromosome
k141_4200873.concoct_part_0,Chromosome
k141_3805536.concoct_part_0,Chromosome
k141_501179.concoct_part_0,Chromosome
k141_501235.concoct_part_0,Chromosome
k141_1609774.concoct_part_0,Chromosome
k141_501622.concoct_part_0,Chromosome
k141_132529.concoct_part_0,Chromosome
k141_3446018.concoct_part_0,Chromosome
k141_1964966.concoct_part_0,Chromosome
k141_1610160.concoct_part_0,Chromosome
k141_2709585.concoct_part_0,Chromosome
k141_3100882.concoct_part_0,Chromosome
k141_3806923.concoct_part_0,Chromosome
k141_3101209.concoct_part_0,Chromosome
k141_502569.concoct_part_0,Chromosome
k141_1610924.concoct_part_1,Plasmid
k141_2336584.concoct_part_0,Chromosome
k141_1966108.concoct_part_0,Chromosome
k141_4203736.concoct_part_0,Chromosome
k141_2710756.concoct_part_0,Chromosome
k141_3447674.concoct_part_2,Chromosome
k141_503506.concoct_part_0,Chromosome
k141_868432.concoct_part_0,Chromosome
k141_3102694.concoct_part_0,Chromosome
k141_3448161.concoct_part_0,Chromosome
k141_1967152.concoct_part_0,Chromosome
k141_2337912.concoct_part_0,Chromosome
k141_1612789.concoct_part_0,Chromosome
k141_869637.concoct_part_0,Chromosome
k141_504906.concoct_part_0,Chromosome
k141_3449326.concoct_part_0,Chromosome
k141_869719.concoct_part_0,Chromosome
k141_1968289.concoct_part_0,Chromosome
k141_2712568.concoct_part_0,Chromosome
k141_4206540.concoct_part_0,Chromosome
k141_505492.concoct_part_0,Chromosome
k141_3104906.concoct_part_0,Chromosome
k141_1968881.concoct_part_0,Chromosome
k141_4207341.concoct_part_0,Chromosome
k141_2713512.concoct_part_0,Chromosome
k141_137211.concoct_part_0,Chromosome
k141_4207783.concoct_part_0,Chromosome
k141_871118.concoct_part_1,Chromosome
k141_871317.concoct_part_0,Chromosome
k141_871987.concoct_part_0,Chromosome
k141_872215.concoct_part_0,Chromosome
k141_138857.concoct_part_0,Chromosome
k141_4209834.concoct_part_0,Chromosome
k141_872361.concoct_part_0,Chromosome
k141_3812240.concoct_part_0,Chromosome
k141_2716462.concoct_part_0,Chromosome
k141_1616252.concoct_part_0,Chromosome
k141_1245791.concoct_part_0,Chromosome
k141_3108642.concoct_part_0,Chromosome
k141_1245990.concoct_part_0,Chromosome
k141_1971820.concoct_part_0,Chromosome
k141_1972199.concoct_part_0,Chromosome
k141_140573.concoct_part_0,Chromosome
k141_2343649.concoct_part_0,Chromosome
k141_874072.concoct_part_0,Chromosome
k141_874131.concoct_part_0,Chromosome
k141_509564.concoct_part_0,Chromosome
k141_4212635.concoct_part_0,Chromosome
k141_509987.concoct_part_0,Chromosome
k141_509987.concoct_part_2,Chromosome
k141_509987.concoct_part_3,Plasmid
k141_1247932.concoct_part_0,Chromosome
k141_4213347.concoct_part_0,Chromosome
k141_3815095.concoct_part_0,Chromosome
k141_1248582.concoct_part_0,Chromosome
k141_1619470.concoct_part_0,Chromosome
k141_3455553.concoct_part_0,Chromosome
k141_3112391.concoct_part_0,Chromosome
k141_2720933.concoct_part_0,Chromosome
k141_3815976.concoct_part_0,Chromosome
k141_3112644.concoct_part_0,Chromosome
k141_3113043.concoct_part_0,Chromosome
k141_2722034.concoct_part_1,Chromosome
k141_3817011.concoct_part_0,Chromosome
k141_2722039.concoct_part_0,Chromosome
k141_1976000.concoct_part_0,Chromosome
k141_3817130.concoct_part_0,Chromosome
k141_144429.concoct_part_0,Chromosome
k141_1621388.concoct_part_0,Chromosome
k141_513287.concoct_part_0,Chromosome
k141_1251647.concoct_part_0,Chromosome
k141_3458276.concoct_part_0,Chromosome
k141_2348979.concoct_part_0,Chromosome
k141_3818251.concoct_part_0,Chromosome
k141_514405.concoct_part_0,Chromosome
k141_1622586.concoct_part_0,Chromosome
k141_3115536.concoct_part_0,Chromosome
k141_1622697.concoct_part_0,Chromosome
k141_3115572.concoct_part_0,Chromosome
k141_514758.concoct_part_0,Chromosome
k141_1977671.concoct_part_0,Chromosome
k141_3818907.concoct_part_0,Chromosome
k141_3459325.concoct_part_0,Chromosome
k141_2350151.concoct_part_0,Plasmid
k141_1623347.concoct_part_0,Chromosome
k141_3459711.concoct_part_0,Chromosome
k141_146911.concoct_part_0,Plasmid
k141_515897.concoct_part_0,Chromosome
k141_146952.concoct_part_7,Chromosome
k141_3460455.concoct_part_0,Chromosome
k141_516359.concoct_part_0,Chromosome
k141_2726848.concoct_part_0,Chromosome
k141_880539.concoct_part_0,Chromosome
k141_4220966.concoct_part_0,Chromosome
k141_2352429.concoct_part_0,Chromosome
k141_3119104.concoct_part_0,Chromosome
k141_3119229.concoct_part_0,Chromosome
k141_881077.concoct_part_0,Chromosome
k141_2353004.concoct_part_0,Chromosome
k141_4221772.concoct_part_0,Chromosome
k141_1255842.concoct_part_0,Chromosome
k141_3462749.concoct_part_0,Chromosome
k141_1626533.concoct_part_0,Chromosome
k141_1256284.concoct_part_0,Chromosome
k141_4222639.concoct_part_0,Chromosome
k141_1256330.concoct_part_0,Chromosome
k141_2354182.concoct_part_0,Chromosome
k141_3463644.concoct_part_0,Chromosome
k141_3823037.concoct_part_0,Chromosome
k141_1627185.concoct_part_0,Chromosome
k141_1627211.concoct_part_0,Chromosome
k141_3121242.concoct_part_0,Chromosome
k141_882560.concoct_part_0,Chromosome
k141_1981391.concoct_part_0,Chromosome
k141_4223812.concoct_part_0,Chromosome
k141_3824140.concoct_part_0,Chromosome
k141_151144.concoct_part_2,Chromosome
k141_2356177.concoct_part_0,Chromosome
k141_4225139.concoct_part_0,Chromosome
k141_1982341.concoct_part_0,Chromosome
k141_3123001.concoct_part_0,Chromosome
k141_3123195.concoct_part_0,Chromosome
k141_1258682.concoct_part_0,Chromosome
k141_2731611.concoct_part_0,Chromosome
k141_3123349.concoct_part_0,Chromosome
k141_3123418.concoct_part_0,Chromosome
k141_521142.concoct_part_1,Chromosome
k141_3123691.concoct_part_0,Chromosome
k141_152364.concoct_part_0,Chromosome
k141_3124474.concoct_part_0,Chromosome
k141_3467809.concoct_part_0,Chromosome
k141_522505.concoct_part_0,Chromosome
k141_2734111.concoct_part_0,Chromosome
k141_3826523.concoct_part_0,Chromosome
k141_3125873.concoct_part_0,Chromosome
k141_2359250.concoct_part_0,Chromosome
k141_1261302.concoct_part_0,Chromosome
k141_886258.concoct_part_0,Chromosome
k141_3469378.concoct_part_0,Chromosome
k141_1985704.concoct_part_0,Chromosome
k141_886884.concoct_part_0,Chromosome
k141_3469848.concoct_part_0,Chromosome
k141_3827826.concoct_part_0,Chromosome
k141_887466.concoct_part_0,Chromosome
k141_3470280.concoct_part_0,Chromosome
k141_1263073.concoct_part_0,Chromosome
k141_2361566.concoct_part_0,Chromosome
k141_3828356.concoct_part_0,Chromosome
k141_1986670.concoct_part_1,Chromosome
k141_1986670.concoct_part_4,Chromosome
k141_1986670.concoct_part_10,Chromosome
k141_3828389.concoct_part_0,Chromosome
k141_4231182.concoct_part_0,Chromosome
k141_525181.concoct_part_0,Chromosome
k141_3829069.concoct_part_0,Plasmid
k141_4231727.concoct_part_0,Chromosome
k141_887800.concoct_part_11,Chromosome
k141_887800.concoct_part_12,Chromosome
k141_887800.concoct_part_16,Chromosome
k141_887800.concoct_part_21,Chromosome
k141_887800.concoct_part_27,Chromosome
k141_1264656.concoct_part_0,Chromosome
k141_888325.concoct_part_0,Chromosome
k141_2363459.concoct_part_0,Chromosome
k141_4232716.concoct_part_0,Chromosome
k141_3829986.concoct_part_0,Chromosome
k141_3830008.concoct_part_0,Chromosome
k141_157605.concoct_part_1,Chromosome
k141_3830408.concoct_part_0,Chromosome
k141_2364179.concoct_part_0,Chromosome
k141_2740050.concoct_part_0,Plasmid
k141_3830678.concoct_part_4,Chromosome
k141_527099.concoct_part_1,Chromosome
k141_1266349.concoct_part_0,Chromosome
k141_158676.concoct_part_4,Chromosome
k141_4234362.concoct_part_0,Chromosome
k141_889847.concoct_part_0,Chromosome
k141_3131780.concoct_part_0,Chromosome
k141_3473946.concoct_part_0,Chromosome
k141_1990350.concoct_part_0,Chromosome
k141_3831797.concoct_part_0,Chromosome
k141_159540.concoct_part_0,Chromosome
k141_159778.concoct_part_0,Chromosome
k141_160277.concoct_part_0,Chromosome
k141_2742831.concoct_part_0,Chromosome
k141_2367327.concoct_part_0,Plasmid
k141_1638157.concoct_part_0,Chromosome
k141_1638157.concoct_part_1,Chromosome
k141_529432.concoct_part_0,Chromosome
k141_529465.concoct_part_0,Chromosome
k141_161544.concoct_part_0,Chromosome
k141_4237114.concoct_part_0,Chromosome
k141_4237114.concoct_part_3,Chromosome
k141_4237114.concoct_part_4,Chromosome
k141_1992580.concoct_part_0,Chromosome
k141_3476947.concoct_part_0,Chromosome
k141_4237436.concoct_part_0,Chromosome
k141_4237475.concoct_part_0,Chromosome
k141_892927.concoct_part_0,Chromosome
k141_3477167.concoct_part_0,Chromosome
k141_1640344.concoct_part_0,Chromosome
k141_893216.concoct_part_0,Chromosome
k141_1640633.concoct_part_0,Chromosome
k141_162618.concoct_part_0,Chromosome
k141_893735.concoct_part_0,Chromosome
k141_1993270.concoct_part_0,Chromosome
k141_1271039.concoct_part_0,Chromosome
k141_2370402.concoct_part_0,Chromosome
k141_1271116.concoct_part_0,Chromosome
k141_1271171.concoct_part_0,Chromosome
k141_894206.concoct_part_0,Chromosome
k141_163654.concoct_part_0,Chromosome
k141_4239235.concoct_part_0,Chromosome
k141_1993956.concoct_part_0,Chromosome
k141_531957.concoct_part_0,Chromosome
k141_4239547.concoct_part_0,Chromosome
k141_2371678.concoct_part_0,Chromosome
k141_2747022.concoct_part_0,Chromosome
k141_4239904.concoct_part_0,Chromosome
k141_2372096.concoct_part_0,Chromosome
k141_3137429.concoct_part_0,Chromosome
k141_895518.concoct_part_0,Chromosome
k141_2372616.concoct_part_0,Chromosome
k141_2372626.concoct_part_0,Chromosome
k141_2372626.concoct_part_1,Chromosome
k141_1643598.concoct_part_2,Chromosome
k141_1995388.concoct_part_0,Chromosome
k141_896623.concoct_part_0,Chromosome
k141_165792.concoct_part_0,Chromosome
k141_2748582.concoct_part_0,Chromosome
k141_2748723.concoct_part_0,Chromosome
k141_533736.concoct_part_1,Plasmid
k141_1273925.concoct_part_2,Chromosome
k141_1273954.concoct_part_0,Chromosome
k141_533793.concoct_part_0,Chromosome
k141_1274039.concoct_part_0,Chromosome
k141_4242004.concoct_part_0,Chromosome
k141_2749436.concoct_part_0,Chromosome
k141_1996319.concoct_part_0,Chromosome
k141_4242186.concoct_part_0,Chromosome
k141_4242223.concoct_part_0,Chromosome
k141_1645427.concoct_part_0,Chromosome
k141_166923.concoct_part_0,Chromosome
k141_1996621.concoct_part_0,Chromosome
k141_3140603.concoct_part_0,Chromosome
k141_898586.concoct_part_0,Chromosome
k141_167847.concoct_part_0,Chromosome
k141_4243185.concoct_part_0,Chromosome
k141_1997504.concoct_part_0,Chromosome
k141_1997649.concoct_part_0,Chromosome
k141_1275984.concoct_part_0,Chromosome
k141_3483474.concoct_part_0,Chromosome
k141_4243941.concoct_part_0,Chromosome
k141_1276718.concoct_part_0,Chromosome
k141_3842475.concoct_part_0,Chromosome
k141_1277366.concoct_part_0,Chromosome
k141_1648771.concoct_part_0,Chromosome
k141_900434.concoct_part_0,Chromosome
k141_900498.concoct_part_0,Chromosome
k141_4245337.concoct_part_0,Chromosome
k141_2753245.concoct_part_0,Chromosome
k141_537916.concoct_part_0,Chromosome
k141_3485455.concoct_part_0,Chromosome
k141_538031.concoct_part_0,Chromosome
k141_538102.concoct_part_0,Chromosome
k141_538224.concoct_part_0,Chromosome
k141_2000071.concoct_part_0,Chromosome
k141_2000867.concoct_part_0,Chromosome
k141_2001141.concoct_part_0,Chromosome
k141_3845746.concoct_part_4,Chromosome
k141_540378.concoct_part_0,Chromosome
k141_173740.concoct_part_0,Chromosome
k141_904728.concoct_part_0,Chromosome
k141_4249647.concoct_part_0,Chromosome
k141_2003039.concoct_part_0,Chromosome
k141_1282257.concoct_part_0,Chromosome
k141_905157.concoct_part_0,Chromosome
k141_174271.concoct_part_0,Chromosome
k141_905443.concoct_part_2,Chromosome
k141_4250633.concoct_part_0,Chromosome
k141_2383926.concoct_part_0,Chromosome
k141_175286.concoct_part_0,Chromosome
k141_4250791.concoct_part_11,Chromosome
k141_3848858.concoct_part_0,Chromosome
k141_2004612.concoct_part_0,Plasmid
k141_2384241.concoct_part_0,Chromosome
k141_2005004.concoct_part_0,Chromosome
k141_2005038.concoct_part_0,Chromosome
k141_3152358.concoct_part_0,Chromosome
k141_3850004.concoct_part_0,Chromosome
k141_544241.concoct_part_0,Chromosome
k141_176678.concoct_part_0,Chromosome
k141_1658067.concoct_part_0,Chromosome
k141_2005974.concoct_part_0,Chromosome
k141_1285687.concoct_part_0,Chromosome
k141_2006257.concoct_part_0,Chromosome
k141_177504.concoct_part_0,Chromosome
k141_177536.concoct_part_0,Chromosome
k141_3493158.concoct_part_0,Chromosome
k141_908404.concoct_part_0,Chromosome
k141_908482.concoct_part_0,Chromosome
k141_1286245.concoct_part_0,Chromosome
k141_3493621.concoct_part_0,Chromosome
k141_2757687.concoct_part_4,Chromosome
k141_2757687.concoct_part_6,Chromosome
k141_2757687.concoct_part_7,Chromosome
k141_2757687.concoct_part_15,Chromosome
k141_2757687.concoct_part_28,Chromosome
k141_2757687.concoct_part_43,Chromosome
k141_2757687.concoct_part_44,Chromosome
k141_2757687.concoct_part_59,Chromosome
k141_2757687.concoct_part_66,Chromosome
k141_2757687.concoct_part_67,Chromosome
k141_2757687.concoct_part_84,Chromosome
k141_2757687.concoct_part_90,Chromosome
k141_2757687.concoct_part_125,Chromosome
k141_545589.concoct_part_0,Chromosome
k141_3851857.concoct_part_0,Chromosome
k141_178481.concoct_part_5,Chromosome
k141_2007485.concoct_part_0,Chromosome
k141_3155148.concoct_part_0,Chromosome
k141_909359.concoct_part_1,Chromosome
k141_909359.concoct_part_2,Chromosome
k141_178616.concoct_part_0,Chromosome
k141_3155172.concoct_part_0,Chromosome
k141_1287779.concoct_part_0,Chromosome
k141_3852831.concoct_part_0,Chromosome
k141_3495914.concoct_part_0,Chromosome
k141_3156419.concoct_part_0,Chromosome
k141_2008685.concoct_part_0,Chromosome
k141_2388450.concoct_part_0,Chromosome
k141_910962.concoct_part_0,Chromosome
k141_4255419.concoct_part_0,Chromosome
k141_3853629.concoct_part_0,Chromosome
k141_1662198.concoct_part_0,Plasmid
k141_3496811.concoct_part_1,Chromosome
k141_1662529.concoct_part_5,Chromosome
k141_2389215.concoct_part_0,Chromosome
k141_1663188.concoct_part_0,Chromosome
k141_3855045.concoct_part_0,Chromosome
k141_3855070.concoct_part_0,Chromosome
k141_1290557.concoct_part_0,Chromosome
k141_1290605.concoct_part_0,Chromosome
k141_549530.concoct_part_0,Chromosome
k141_2762510.concoct_part_0,Chromosome
k141_550153.concoct_part_0,Plasmid
k141_1291711.concoct_part_0,Chromosome
k141_4257890.concoct_part_0,Chromosome
k141_550512.concoct_part_0,Chromosome
k141_4258281.concoct_part_0,Chromosome
k141_3500510.concoct_part_0,Chromosome
k141_2391872.concoct_part_0,Chromosome
k141_2013692.concoct_part_0,Chromosome
k141_2764884.concoct_part_0,Chromosome
k141_1293050.concoct_part_0,Chromosome
k141_2765417.concoct_part_0,Chromosome
k141_3501922.concoct_part_0,Chromosome
k141_551693.concoct_part_0,Chromosome
k141_551693.concoct_part_8,Chromosome
k141_1293723.concoct_part_0,Chromosome
k141_3162225.concoct_part_0,Chromosome
k141_185854.concoct_part_0,Chromosome
k141_1667604.concoct_part_0,Chromosome
k141_916605.concoct_part_0,Chromosome
k141_1668371.concoct_part_0,Chromosome
k141_2394147.concoct_part_0,Chromosome
k141_2394185.concoct_part_0,Chromosome
k141_2394235.concoct_part_0,Chromosome
k141_1669405.concoct_part_0,Chromosome
k141_2768149.concoct_part_0,Chromosome
k141_2768500.concoct_part_0,Chromosome
k141_2017194.concoct_part_0,Chromosome
k141_2395941.concoct_part_0,Chromosome
k141_2396241.concoct_part_0,Chromosome
k141_2017494.concoct_part_0,Chromosome
k141_920072.concoct_part_1,Chromosome
k141_1297388.concoct_part_0,Chromosome
k141_2017729.concoct_part_0,Chromosome
k141_920266.concoct_part_0,Chromosome
k141_3863101.concoct_part_0,Chromosome
k141_920696.concoct_part_0,Chromosome
k141_920931.concoct_part_0,Chromosome
k141_3863776.concoct_part_0,Chromosome
k141_556140.concoct_part_0,Chromosome
k141_3864287.concoct_part_0,Chromosome
k141_3167856.concoct_part_0,Chromosome
k141_1673293.concoct_part_0,Chromosome
k141_2020026.concoct_part_0,Chromosome
k141_3508260.concoct_part_0,Chromosome
k141_557548.concoct_part_0,Chromosome
k141_4266355.concoct_part_0,Chromosome
k141_3168993.concoct_part_0,Chromosome
k141_3865783.concoct_part_0,Chromosome
k141_2772818.concoct_part_0,Chromosome
k141_558051.concoct_part_0,Chromosome
k141_1301483.concoct_part_0,Chromosome
k141_1675368.concoct_part_0,Chromosome
k141_924150.concoct_part_0,Chromosome
k141_558726.concoct_part_2,Chromosome
k141_4267821.concoct_part_0,Chromosome
k141_2774335.concoct_part_0,Chromosome
k141_1675763.concoct_part_0,Chromosome
k141_4268117.concoct_part_0,Chromosome
k141_2021825.concoct_part_0,Chromosome
k141_195168.concoct_part_0,Chromosome
k141_926240.concoct_part_0,Chromosome
k141_1304262.concoct_part_0,Chromosome
k141_197432.concoct_part_0,Chromosome
k141_197481.concoct_part_1,Chromosome
k141_3871193.concoct_part_0,Chromosome
k141_3174888.concoct_part_0,Chromosome
k141_3175170.concoct_part_0,Chromosome
k141_2404295.concoct_part_0,Chromosome
k141_929325.concoct_part_0,Chromosome
k141_2025983.concoct_part_0,Chromosome
k141_3176031.concoct_part_0,Chromosome
k141_1308320.concoct_part_0,Chromosome
k141_2780892.concoct_part_0,Chromosome
k141_4273129.concoct_part_2,Chromosome
k141_1681335.concoct_part_0,Chromosome
k141_3177260.concoct_part_1,Chromosome
k141_3874454.concoct_part_0,Chromosome
k141_931333.concoct_part_0,Chromosome
k141_3177603.concoct_part_0,Chromosome
k141_3517012.concoct_part_0,Chromosome
k141_3876251.concoct_part_0,Chromosome
k141_2784006.concoct_part_0,Chromosome
k141_3517888.concoct_part_0,Chromosome
k141_563498.concoct_part_0,Chromosome
k141_563498.concoct_part_34,Chromosome
k141_563498.concoct_part_41,Chromosome
k141_563498.concoct_part_42,Chromosome
k141_563498.concoct_part_46,Chromosome
k141_563498.concoct_part_52,Chromosome
k141_563498.concoct_part_60,Chromosome
k141_563498.concoct_part_72,Chromosome
k141_563498.concoct_part_73,Chromosome
k141_563498.concoct_part_76,Chromosome
k141_563498.concoct_part_79,Chromosome
k141_1312154.concoct_part_0,Chromosome
k141_934277.concoct_part_0,Chromosome
k141_2408681.concoct_part_0,Chromosome
k141_3877997.concoct_part_0,Chromosome
k141_204797.concoct_part_0,Chromosome
k141_935196.concoct_part_0,Chromosome
k141_3519585.concoct_part_2,Chromosome
k141_3519585.concoct_part_4,Chromosome
k141_3519585.concoct_part_6,Chromosome
k141_3519585.concoct_part_7,Chromosome
k141_4277462.concoct_part_0,Chromosome
k141_1314024.concoct_part_0,Chromosome
k141_3520128.concoct_part_0,Chromosome
k141_3879494.concoct_part_0,Chromosome
k141_4278027.concoct_part_0,Chromosome
k141_206218.concoct_part_0,Chromosome
k141_3520774.concoct_part_0,Chromosome
k141_936764.concoct_part_0,Chromosome
k141_1315402.concoct_part_0,Chromosome
k141_3880705.concoct_part_0,Chromosome
k141_1315502.concoct_part_0,Chromosome
k141_937524.concoct_part_0,Chromosome
k141_4279436.concoct_part_0,Chromosome
k141_207904.concoct_part_0,Chromosome
k141_3521942.concoct_part_3,Chromosome
k141_2411612.concoct_part_0,Chromosome
k141_1687739.concoct_part_0,Chromosome
k141_2412099.concoct_part_0,Chromosome
k141_3522609.concoct_part_0,Chromosome
k141_208886.concoct_part_0,Chromosome
k141_2034245.concoct_part_0,Chromosome
k141_568380.concoct_part_0,Chromosome
k141_2412489.concoct_part_0,Chromosome
k141_1688634.concoct_part_0,Chromosome
k141_3883687.concoct_part_0,Chromosome
k141_3883813.concoct_part_0,Chromosome
k141_569404.concoct_part_0,Chromosome
k141_3524181.concoct_part_0,Chromosome
k141_940748.concoct_part_0,Chromosome
k141_2035966.concoct_part_0,Chromosome
k141_1690519.concoct_part_0,Chromosome
k141_2036444.concoct_part_0,Chromosome
k141_2036673.concoct_part_0,Chromosome
k141_211615.concoct_part_0,Chromosome
k141_3525229.concoct_part_0,Chromosome
k141_2414931.concoct_part_1,Chromosome
k141_2414949.concoct_part_0,Chromosome
k141_3525783.concoct_part_0,Chromosome
k141_3186930.concoct_part_0,Chromosome
k141_4284070.concoct_part_0,Chromosome
k141_3526013.concoct_part_0,Chromosome
k141_2795213.concoct_part_0,Chromosome
k141_1321301.concoct_part_0,Chromosome
k141_4284958.concoct_part_0,Chromosome
k141_2795805.concoct_part_0,Chromosome
k141_1691955.concoct_part_1,Chromosome
k141_1691955.concoct_part_4,Chromosome
k141_2039014.concoct_part_0,Chromosome
k141_573171.concoct_part_0,Chromosome
k141_573344.concoct_part_0,Chromosome
k141_1322635.concoct_part_0,Chromosome
k141_3189096.concoct_part_0,Chromosome
k141_2040120.concoct_part_0,Chromosome
k141_214475.concoct_part_0,Chromosome
k141_4287065.concoct_part_5,Chromosome
k141_574107.concoct_part_3,Chromosome
k141_3529073.concoct_part_1,Chromosome
k141_4287854.concoct_part_0,Chromosome
k141_3190018.concoct_part_4,Chromosome
k141_3529484.concoct_part_0,Chromosome
k141_2799102.concoct_part_0,Chromosome
k141_2419364.concoct_part_0,Chromosome
k141_3890265.concoct_part_10,Chromosome
k141_3890265.concoct_part_14,Chromosome
k141_217310.concoct_part_0,Chromosome
k141_1695733.concoct_part_0,Chromosome
k141_3891555.concoct_part_0,Chromosome
k141_2801110.concoct_part_0,Chromosome
k141_3531569.concoct_part_0,Chromosome
k141_218292.concoct_part_0,Chromosome
k141_948990.concoct_part_0,Chromosome
k141_3892468.concoct_part_0,Chromosome
k141_4291086.concoct_part_0,Chromosome
k141_577424.concoct_part_0,Chromosome
k141_1697004.concoct_part_0,Chromosome
k141_2802474.concoct_part_0,Chromosome
k141_2422601.concoct_part_0,Chromosome
k141_3893332.concoct_part_0,Chromosome
k141_578329.concoct_part_0,Chromosome
k141_578397.concoct_part_0,Chromosome
k141_3532529.concoct_part_0,Chromosome
k141_3532529.concoct_part_4,Chromosome
k141_3532529.concoct_part_5,Chromosome
k141_3532529.concoct_part_7,Chromosome
k141_950615.concoct_part_0,Chromosome
k141_2803369.concoct_part_5,Chromosome
k141_220716.concoct_part_0,Chromosome
k141_4292946.concoct_part_0,Chromosome
k141_951594.concoct_part_0,Chromosome
k141_4293456.concoct_part_0,Chromosome
k141_4293877.concoct_part_0,Chromosome
k141_3195164.concoct_part_0,Chromosome
k141_3195401.concoct_part_0,Chromosome
k141_2046903.concoct_part_0,Chromosome
k141_1699306.concoct_part_1,Chromosome
k141_3896181.concoct_part_1,Chromosome
k141_3896181.concoct_part_2,Chromosome
k141_2805920.concoct_part_0,Chromosome
k141_1329834.concoct_part_5,Chromosome
k141_1329834.concoct_part_6,Chromosome
k141_953213.concoct_part_1,Chromosome
k141_581049.concoct_part_1,Chromosome
k141_2426474.concoct_part_0,Chromosome
k141_2047717.concoct_part_0,Chromosome
k141_581595.concoct_part_0,Chromosome
k141_953725.concoct_part_0,Chromosome
k141_1700304.concoct_part_2,Chromosome
k141_3197121.concoct_part_0,Chromosome
k141_2807090.concoct_part_0,Chromosome
k141_4296296.concoct_part_0,Plasmid
k141_1331171.concoct_part_0,Chromosome
k141_2807380.concoct_part_0,Chromosome
k141_2427742.concoct_part_0,Chromosome
k141_1331777.concoct_part_0,Chromosome
k141_955169.concoct_part_0,Chromosome
k141_955257.concoct_part_0,Chromosome
k141_583188.concoct_part_0,Chromosome
k141_583450.concoct_part_0,Chromosome
k141_583486.concoct_part_0,Plasmid
k141_2808979.concoct_part_0,Chromosome
k141_3537666.concoct_part_0,Chromosome
k141_2429197.concoct_part_0,Chromosome
k141_1702526.concoct_part_0,Chromosome
k141_226624.concoct_part_4,Plasmid
k141_1333474.concoct_part_0,Chromosome
k141_2430200.concoct_part_0,Chromosome
k141_2051021.concoct_part_0,Chromosome
k141_957381.concoct_part_1,Chromosome
k141_1703777.concoct_part_0,Chromosome
k141_1703784.concoct_part_0,Chromosome
k141_1704188.concoct_part_0,Chromosome
k141_228408.concoct_part_0,Chromosome
k141_3901197.concoct_part_0,Chromosome
k141_2812360.concoct_part_0,Chromosome
k141_1335576.concoct_part_0,Chromosome
k141_958985.concoct_part_0,Chromosome
k141_959033.concoct_part_3,Chromosome
k141_959033.concoct_part_4,Chromosome
k141_3902802.concoct_part_0,Chromosome
k141_2433984.concoct_part_0,Chromosome
k141_2814539.concoct_part_0,Chromosome
k141_4304503.concoct_part_0,Chromosome
k141_961288.concoct_part_0,Chromosome
k141_3543716.concoct_part_0,Chromosome
k141_3904929.concoct_part_0,Chromosome
k141_1338366.concoct_part_0,Chromosome
k141_2055549.concoct_part_0,Chromosome
k141_1338903.concoct_part_0,Chromosome
k141_590148.concoct_part_0,Chromosome
k141_4304887.concoct_part_3,Chromosome
k141_4304887.concoct_part_4,Chromosome
k141_2055955.concoct_part_0,Chromosome
k141_4304991.concoct_part_0,Chromosome
k141_2056073.concoct_part_0,Chromosome
k141_3205953.concoct_part_0,Chromosome
k141_2056475.concoct_part_0,Chromosome
k141_4305561.concoct_part_0,Chromosome
k141_963321.concoct_part_0,Chromosome
k141_591418.concoct_part_0,Chromosome
k141_2057184.concoct_part_9,Chromosome
k141_4306187.concoct_part_0,Chromosome
k141_235714.concoct_part_0,Chromosome
k141_235800.concoct_part_0,Chromosome
k141_1341035.concoct_part_3,Chromosome
k141_2819676.concoct_part_0,Chromosome
k141_592390.concoct_part_1,Chromosome
k141_236384.concoct_part_7,Chromosome
k141_2438571.concoct_part_11,Chromosome
k141_1341918.concoct_part_0,Chromosome
k141_3548218.concoct_part_0,Chromosome
k141_2439909.concoct_part_0,Chromosome
k141_238118.concoct_part_0,Chromosome
k141_2060396.concoct_part_0,Chromosome
k141_1343318.concoct_part_0,Chromosome
k141_3210160.concoct_part_0,Chromosome
k141_4309537.concoct_part_0,Chromosome
k141_2441033.concoct_part_0,Plasmid
k141_1713808.concoct_part_0,Plasmid
k141_967885.concoct_part_0,Chromosome
k141_2061566.concoct_part_0,Chromosome
k141_1344357.concoct_part_0,Chromosome
k141_4310644.concoct_part_0,Chromosome
k141_2442644.concoct_part_0,Chromosome
k141_2442672.concoct_part_0,Chromosome
k141_2442697.concoct_part_0,Chromosome
k141_968894.concoct_part_0,Chromosome
k141_969054.concoct_part_0,Chromosome
k141_3212452.concoct_part_0,Chromosome
k141_2825680.concoct_part_0,Chromosome
k141_2826109.concoct_part_0,Chromosome
k141_242032.concoct_part_0,Chromosome
k141_4312308.concoct_part_0,Chromosome
k141_969921.concoct_part_0,Chromosome
k141_243170.concoct_part_0,Chromosome
k141_598556.concoct_part_0,Chromosome
k141_1718410.concoct_part_0,Chromosome
k141_971476.concoct_part_0,Chromosome
k141_3915783.concoct_part_0,Chromosome
k141_599086.concoct_part_0,Chromosome
k141_599086.concoct_part_3,Chromosome
k141_1719953.concoct_part_0,Chromosome
k141_1349056.concoct_part_0,Chromosome
k141_3555666.concoct_part_0,Chromosome
k141_3216812.concoct_part_0,Chromosome
k141_600197.concoct_part_0,Chromosome
k141_974087.concoct_part_0,Chromosome
k141_2066943.concoct_part_0,Chromosome
k141_1350282.concoct_part_0,Chromosome
k141_3217730.concoct_part_0,Chromosome
k141_3557123.concoct_part_0,Chromosome
k141_2067396.concoct_part_0,Chromosome
k141_3557444.concoct_part_0,Chromosome
k141_975109.concoct_part_0,Chromosome
k141_1722511.concoct_part_0,Chromosome
k141_1723161.concoct_part_0,Chromosome
k141_2068685.concoct_part_0,Chromosome
k141_2833181.concoct_part_0,Chromosome
k141_1352736.concoct_part_0,Chromosome
k141_977034.concoct_part_0,Chromosome
k141_3921472.concoct_part_3,Chromosome
k141_1724707.concoct_part_0,Chromosome
k141_4320228.concoct_part_2,Chromosome
k141_2070829.concoct_part_0,Chromosome
k141_3560687.concoct_part_0,Chromosome
k141_978521.concoct_part_0,Chromosome
k141_1725824.concoct_part_1,Chromosome
k141_4321219.concoct_part_0,Chromosome
k141_2071648.concoct_part_0,Chromosome
k141_1726004.concoct_part_3,Chromosome
k141_3923768.concoct_part_0,Chromosome
k141_3562389.concoct_part_0,Chromosome
k141_2836971.concoct_part_0,Chromosome
k141_1355571.concoct_part_0,Chromosome
k141_4322628.concoct_part_0,Chromosome
k141_980371.concoct_part_2,Chromosome
k141_1355744.concoct_part_0,Chromosome
k141_980890.concoct_part_0,Chromosome
k141_2837631.concoct_part_0,Chromosome
k141_3563480.concoct_part_0,Chromosome
k141_1355900.concoct_part_0,Chromosome
k141_1355900.concoct_part_1,Chromosome
k141_2454464.concoct_part_0,Chromosome
k141_1728882.concoct_part_0,Chromosome
k141_3226107.concoct_part_0,Chromosome
k141_3564565.concoct_part_0,Chromosome
k141_3564565.concoct_part_6,Chromosome
k141_3564893.concoct_part_0,Chromosome
k141_256710.concoct_part_0,Chromosome
k141_3927283.concoct_part_0,Chromosome
k141_3565998.concoct_part_0,Chromosome
k141_4326741.concoct_part_0,Chromosome
k141_3928037.concoct_part_0,Chromosome
k141_2457386.concoct_part_0,Chromosome
k141_4327258.concoct_part_0,Chromosome
k141_3928960.concoct_part_0,Chromosome
k141_2077336.concoct_part_3,Chromosome
k141_1359871.concoct_part_0,Chromosome
k141_3929283.concoct_part_0,Chromosome
k141_2077827.concoct_part_0,Chromosome
k141_2077968.concoct_part_0,Chromosome
k141_2459352.concoct_part_0,Chromosome
k141_1360551.concoct_part_0,Chromosome
k141_987409.concoct_part_0,Chromosome
k141_2843946.concoct_part_0,Chromosome
k141_3569582.concoct_part_0,Chromosome
k141_613559.concoct_part_0,Chromosome
k141_2460471.concoct_part_0,Chromosome
k141_2460567.concoct_part_0,Chromosome
k141_613989.concoct_part_0,Chromosome
k141_988856.concoct_part_1,Chromosome
k141_988875.concoct_part_0,Chromosome
k141_261681.concoct_part_0,Chromosome
k141_989377.concoct_part_0,Chromosome
k141_1735635.concoct_part_0,Chromosome
k141_3232591.concoct_part_0,Chromosome
k141_2461891.concoct_part_0,Chromosome
k141_2846327.concoct_part_0,Chromosome
k141_3571404.concoct_part_0,Chromosome
k141_3571496.concoct_part_0,Chromosome
k141_1736925.concoct_part_0,Chromosome
k141_4333917.concoct_part_0,Chromosome
k141_263881.concoct_part_10,Chromosome
k141_3234835.concoct_part_0,Chromosome
k141_4334486.concoct_part_0,Chromosome
k141_1364690.concoct_part_0,Chromosome
k141_2082431.concoct_part_0,Chromosome
k141_1738228.concoct_part_0,Chromosome
k141_265003.concoct_part_0,Chromosome
k141_2849340.concoct_part_0,Chromosome
k141_2083361.concoct_part_0,Chromosome
k141_618881.concoct_part_0,Chromosome
k141_1739914.concoct_part_0,Chromosome
k141_2084347.concoct_part_0,Chromosome
k141_3575677.concoct_part_0,Chromosome
k141_1740234.concoct_part_0,Chromosome
k141_1740258.concoct_part_0,Chromosome
k141_3575747.concoct_part_0,Chromosome
k141_995319.concoct_part_1,Plasmid
k141_995319.concoct_part_7,Chromosome
k141_3237885.concoct_part_0,Chromosome
k141_3937454.concoct_part_0,Chromosome
k141_996645.concoct_part_0,Chromosome
k141_1742049.concoct_part_0,Chromosome
k141_3239891.concoct_part_0,Chromosome
k141_997853.concoct_part_0,Chromosome
k141_1743995.concoct_part_0,Chromosome
k141_3940556.concoct_part_0,Chromosome
k141_3940634.concoct_part_0,Chromosome
k141_1371299.concoct_part_0,Chromosome
k141_2855596.concoct_part_0,Chromosome
k141_2855670.concoct_part_0,Chromosome
k141_2088832.concoct_part_0,Chromosome
k141_2855733.concoct_part_0,Chromosome
k141_1744705.concoct_part_0,Chromosome
k141_271736.concoct_part_0,Chromosome
k141_1371843.concoct_part_0,Chromosome
k141_2471134.concoct_part_0,Chromosome
k141_1745081.concoct_part_0,Plasmid
k141_2089623.concoct_part_0,Chromosome
k141_4342844.concoct_part_0,Chromosome
k141_625316.concoct_part_0,Chromosome
k141_1372879.concoct_part_0,Chromosome
k141_2090299.concoct_part_0,Chromosome
k141_273384.concoct_part_0,Chromosome
k141_4343928.concoct_part_0,Chromosome
k141_2090830.concoct_part_0,Chromosome
k141_1747076.concoct_part_0,Chromosome
k141_3245404.concoct_part_0,Chromosome
k141_3581626.concoct_part_0,Chromosome
k141_3246288.concoct_part_0,Chromosome
k141_3246595.concoct_part_0,Chromosome
k141_4346293.concoct_part_0,Chromosome
k141_2475684.concoct_part_0,Chromosome
k141_275838.concoct_part_0,Chromosome
k141_2093967.concoct_part_0,Chromosome
k141_4347067.concoct_part_0,Chromosome
k141_276705.concoct_part_0,Chromosome
k141_4347422.concoct_part_0,Plasmid
k141_2095075.concoct_part_0,Chromosome
k141_277222.concoct_part_0,Chromosome
k141_1377777.concoct_part_0,Chromosome
k141_630382.concoct_part_0,Chromosome
k141_4348903.concoct_part_0,Chromosome
k141_3947725.concoct_part_0,Chromosome
k141_3585394.concoct_part_0,Chromosome
k141_631204.concoct_part_0,Chromosome
k141_631285.concoct_part_0,Chromosome
k141_3585527.concoct_part_0,Chromosome
k141_3250887.concoct_part_0,Chromosome
k141_4350537.concoct_part_0,Chromosome
k141_1752889.concoct_part_0,Chromosome
k141_1008547.concoct_part_0,Chromosome
k141_632612.concoct_part_0,Chromosome
k141_2480553.concoct_part_0,Chromosome
k141_3586762.concoct_part_0,Chromosome
k141_1008935.concoct_part_0,Chromosome
k141_1009127.concoct_part_0,Chromosome
k141_2098458.concoct_part_0,Chromosome
k141_4351539.concoct_part_0,Chromosome
k141_3587148.concoct_part_5,Chromosome
k141_3950483.concoct_part_0,Chromosome
k141_3587613.concoct_part_0,Chromosome
k141_2099067.concoct_part_5,Chromosome
k141_2099067.concoct_part_6,Chromosome
k141_2099067.concoct_part_7,Chromosome
k141_2099067.concoct_part_10,Chromosome
k141_2099067.concoct_part_11,Chromosome
k141_3253735.concoct_part_0,Chromosome
k141_4352698.concoct_part_0,Chromosome
k141_3253963.concoct_part_0,Chromosome
k141_2099801.concoct_part_0,Chromosome
k141_2868640.concoct_part_0,Chromosome
k141_1383028.concoct_part_0,Chromosome
k141_4353767.concoct_part_0,Chromosome
k141_1383262.concoct_part_0,Chromosome
k141_1011607.concoct_part_0,Chromosome
k141_2484489.concoct_part_0,Chromosome
k141_1384220.concoct_part_0,Chromosome
k141_636206.concoct_part_0,Chromosome
k141_3256247.concoct_part_0,Chromosome
k141_1384612.concoct_part_0,Chromosome
k141_636842.concoct_part_0,Chromosome
k141_2871222.concoct_part_0,Chromosome
k141_2487650.concoct_part_0,Chromosome
k141_3258433.concoct_part_0,Chromosome
k141_1759833.concoct_part_0,Chromosome
k141_2490823.concoct_part_0,Chromosome
k141_3260397.concoct_part_0,Chromosome
k141_1389714.concoct_part_0,Chromosome
k141_3260960.concoct_part_0,Chromosome
k141_1390242.concoct_part_0,Chromosome
k141_288798.concoct_part_0,Chromosome
k141_1018372.concoct_part_0,Chromosome
k141_1018613.concoct_part_0,Chromosome
k141_3262115.concoct_part_0,Plasmid
k141_641653.concoct_part_13,Chromosome
k141_4361262.concoct_part_0,Chromosome
k141_2493986.concoct_part_0,Chromosome
k141_3595675.concoct_part_0,Chromosome
k141_3263185.concoct_part_0,Chromosome
k141_2878456.concoct_part_0,Chromosome
k141_1021484.concoct_part_0,Chromosome
k141_2110442.concoct_part_0,Chromosome
k141_643741.concoct_part_0,Chromosome
k141_1395907.concoct_part_0,Chromosome
k141_293321.concoct_part_1,Chromosome
k141_3963945.concoct_part_0,Chromosome
k141_3598167.concoct_part_5,Chromosome
k141_3964466.concoct_part_0,Chromosome
k141_2498441.concoct_part_0,Chromosome
k141_3267220.concoct_part_0,Chromosome
k141_4366357.concoct_part_1,Chromosome
k141_3965724.concoct_part_0,Chromosome
k141_646709.concoct_part_0,Chromosome
k141_1024824.concoct_part_0,Chromosome
k141_1024944.concoct_part_0,Chromosome
k141_2114155.concoct_part_0,Plasmid
k141_3268299.concoct_part_0,Chromosome
k141_1769218.concoct_part_0,Chromosome
k141_296263.concoct_part_0,Chromosome
k141_1025371.concoct_part_1,Chromosome
k141_1025371.concoct_part_3,Chromosome
k141_2114941.concoct_part_0,Chromosome
k141_297528.concoct_part_0,Chromosome
k141_297674.concoct_part_0,Chromosome
k141_1770758.concoct_part_0,Chromosome
k141_2885897.concoct_part_0,Chromosome
k141_649376.concoct_part_0,Chromosome
k141_2504819.concoct_part_0,Chromosome
k141_2887607.concoct_part_0,Chromosome
k141_4372197.concoct_part_0,Chromosome
k141_4372410.concoct_part_0,Chromosome
k141_2506552.concoct_part_0,Chromosome
k141_1030242.concoct_part_0,Chromosome
k141_4373059.concoct_part_0,Chromosome
k141_651998.concoct_part_0,Chromosome
k141_1030754.concoct_part_0,Chromosome
k141_3971319.concoct_part_0,Chromosome
k141_1774080.concoct_part_0,Chromosome
k141_3605355.concoct_part_0,Chromosome
k141_3605825.concoct_part_0,Chromosome
k141_3605909.concoct_part_0,Chromosome
k141_4374542.concoct_part_0,Chromosome
k141_3972535.concoct_part_0,Chromosome
k141_2510226.concoct_part_0,Chromosome
k141_303101.concoct_part_0,Chromosome
k141_3973673.concoct_part_0,Chromosome
k141_3607605.concoct_part_0,Chromosome
k141_4376303.concoct_part_0,Chromosome
k141_654597.concoct_part_0,Chromosome
k141_1776961.concoct_part_0,Chromosome
k141_3974315.concoct_part_0,Chromosome
k141_655571.concoct_part_0,Chromosome
k141_2123514.concoct_part_0,Chromosome
k141_3974950.concoct_part_0,Chromosome
k141_1778222.concoct_part_0,Chromosome
k141_1412264.concoct_part_4,Chromosome
k141_2894315.concoct_part_0,Chromosome
k141_2894697.concoct_part_0,Chromosome
k141_2125133.concoct_part_0,Chromosome
k141_2125204.concoct_part_0,Chromosome
k141_2125472.concoct_part_0,Chromosome
k141_657901.concoct_part_0,Chromosome
k141_1037052.concoct_part_0,Chromosome
k141_1779504.concoct_part_4,Chromosome
k141_1779921.concoct_part_0,Chromosome
k141_3611779.concoct_part_0,Chromosome
k141_659038.concoct_part_0,Chromosome
k141_1038500.concoct_part_0,Chromosome
k141_1038586.concoct_part_0,Chromosome
k141_2127257.concoct_part_0,Chromosome
k141_309745.concoct_part_2,Chromosome
k141_2127985.concoct_part_0,Chromosome
k141_1416824.concoct_part_0,Chromosome
k141_2519573.concoct_part_0,Chromosome
k141_660683.concoct_part_0,Chromosome
k141_2520222.concoct_part_0,Chromosome
k141_2129663.concoct_part_0,Chromosome
k141_2899913.concoct_part_0,Chromosome
k141_2900015.concoct_part_0,Chromosome
k141_4385243.concoct_part_0,Chromosome
k141_3615544.concoct_part_0,Chromosome
k141_3982110.concoct_part_0,Chromosome
k141_1784026.concoct_part_0,Chromosome
k141_313143.concoct_part_0,Plasmid
k141_2901096.concoct_part_0,Chromosome
k141_3283115.concoct_part_0,Chromosome
k141_3283117.concoct_part_0,Chromosome
k141_3983084.concoct_part_0,Plasmid
k141_1422135.concoct_part_0,Chromosome
k141_2131847.concoct_part_1,Plasmid
k141_664136.concoct_part_0,Chromosome
k141_2524122.concoct_part_0,Chromosome
k141_2132741.concoct_part_0,Chromosome
k141_664733.concoct_part_0,Chromosome
k141_1423421.concoct_part_0,Chromosome
k141_1785994.concoct_part_0,Chromosome
k141_3285005.concoct_part_0,Chromosome
k141_2133688.concoct_part_0,Chromosome
k141_2905129.concoct_part_0,Chromosome
k141_1787765.concoct_part_0,Chromosome
k141_1047260.concoct_part_0,Chromosome
k141_4391078.concoct_part_0,Chromosome
k141_2906387.concoct_part_2,Chromosome
k141_3287546.concoct_part_7,Chromosome
k141_3287546.concoct_part_10,Chromosome
k141_2906926.concoct_part_0,Chromosome
k141_2137015.concoct_part_0,Chromosome
k141_3622043.concoct_part_0,Chromosome
k141_3989029.concoct_part_0,Chromosome
k141_1790336.concoct_part_0,Chromosome
k141_320376.concoct_part_0,Chromosome
k141_1049573.concoct_part_0,Chromosome
k141_3622555.concoct_part_0,Chromosome
k141_1049863.concoct_part_0,Chromosome
k141_2138827.concoct_part_0,Chromosome
k141_4393943.concoct_part_0,Chromosome
k141_3289631.concoct_part_0,Chromosome
k141_2909693.concoct_part_0,Chromosome
k141_3623420.concoct_part_0,Chromosome
k141_4394729.concoct_part_0,Chromosome
k141_4394879.concoct_part_1,Chromosome
k141_3624136.concoct_part_0,Chromosome
k141_4395684.concoct_part_0,Chromosome
k141_1793096.concoct_part_0,Chromosome
k141_2141512.concoct_part_0,Chromosome
k141_672286.concoct_part_7,Chromosome
k141_672286.concoct_part_8,Chromosome
k141_672286.concoct_part_9,Chromosome
k141_4396407.concoct_part_0,Chromosome
k141_2535427.concoct_part_0,Chromosome
k141_3292800.concoct_part_0,Chromosome
k141_2142340.concoct_part_0,Chromosome
k141_2535995.concoct_part_0,Chromosome
k141_3626413.concoct_part_0,Chromosome
k141_1795357.concoct_part_0,Chromosome
k141_1435735.concoct_part_1,Chromosome
k141_1435735.concoct_part_9,Chromosome
k141_1435735.concoct_part_16,Chromosome
k141_1435735.concoct_part_17,Chromosome
k141_3294721.concoct_part_0,Chromosome
k141_4398566.concoct_part_1,Chromosome
k141_1796825.concoct_part_0,Chromosome
k141_2539240.concoct_part_0,Chromosome
k141_1797406.concoct_part_0,Chromosome
k141_3629021.concoct_part_1,Chromosome
k141_1057068.concoct_part_0,Chromosome
k141_1439705.concoct_part_0,Chromosome
k141_3631044.concoct_part_0,Chromosome
k141_4402407.concoct_part_0,Chromosome
k141_3298362.concoct_part_0,Chromosome
k141_2148566.concoct_part_0,Chromosome
k141_4402529.concoct_part_0,Chromosome
k141_330965.concoct_part_0,Chromosome
k141_2543437.concoct_part_0,Chromosome
k141_331212.concoct_part_0,Chromosome
k141_1059723.concoct_part_0,Chromosome
k141_1800613.concoct_part_6,Chromosome
k141_3299765.concoct_part_0,Chromosome
k141_3633141.concoct_part_0,Chromosome
k141_2150928.concoct_part_0,Chromosome
k141_2545411.concoct_part_0,Chromosome
k141_2151442.concoct_part_0,Chromosome
k141_2922941.concoct_part_0,Chromosome
k141_2923086.concoct_part_0,Chromosome
k141_2152206.concoct_part_0,Chromosome
k141_2152364.concoct_part_0,Chromosome
k141_3635037.concoct_part_0,Chromosome
k141_2924492.concoct_part_0,Chromosome
k141_2924530.concoct_part_0,Chromosome
k141_2925858.concoct_part_0,Chromosome
k141_4007719.concoct_part_0,Chromosome
k141_2926166.concoct_part_0,Chromosome
k141_339238.concoct_part_0,Chromosome
k141_688863.concoct_part_0,Chromosome
k141_2158104.concoct_part_0,Chromosome
k141_689312.concoct_part_0,Chromosome
k141_340353.concoct_part_0,Chromosome
k141_3640494.concoct_part_0,Chromosome
k141_1450795.concoct_part_0,Chromosome
k141_1068834.concoct_part_0,Chromosome
k141_341630.concoct_part_0,Chromosome
k141_690716.concoct_part_0,Chromosome
k141_342003.concoct_part_0,Chromosome
k141_342061.concoct_part_0,Chromosome
k141_2555005.concoct_part_0,Chromosome
k141_1811093.concoct_part_0,Chromosome
k141_692222.concoct_part_0,Chromosome
k141_2557337.concoct_part_0,Chromosome
k141_1454502.concoct_part_0,Chromosome
k141_345813.concoct_part_0,Chromosome
k141_4017183.concoct_part_0,Chromosome
k141_2164466.concoct_part_0,Chromosome
k141_3644950.concoct_part_0,Chromosome
k141_2164820.concoct_part_0,Chromosome
k141_694721.concoct_part_0,Chromosome
k141_1814627.concoct_part_0,Chromosome
k141_1814627.concoct_part_1,Chromosome
k141_2165937.concoct_part_0,Chromosome
k141_4019449.concoct_part_0,Chromosome
k141_2166658.concoct_part_0,Chromosome
k141_2167005.concoct_part_0,Chromosome
k141_349111.concoct_part_0,Chromosome
k141_2167724.concoct_part_0,Chromosome
k141_4020713.concoct_part_0,Chromosome
k141_1817296.concoct_part_0,Chromosome
k141_3648535.concoct_part_0,Chromosome
k141_350870.concoct_part_0,Chromosome
k141_1819918.concoct_part_0,Chromosome
k141_700203.concoct_part_0,Chromosome
k141_352897.concoct_part_0,Chromosome
k141_3651732.concoct_part_0,Chromosome
k141_701429.concoct_part_0,Plasmid
k141_1821425.concoct_part_0,Chromosome
k141_701633.concoct_part_0,Chromosome
k141_2567034.concoct_part_0,Chromosome
k141_1822419.concoct_part_0,Chromosome
k141_1465879.concoct_part_0,Chromosome
k141_1467766.concoct_part_0,Chromosome
k141_704573.concoct_part_0,Chromosome
k141_3656344.concoct_part_0,Chromosome
k141_3656898.concoct_part_1,Chromosome
k141_359227.concoct_part_0,Chromosome
k141_361352.concoct_part_0,Chromosome
k141_706491.concoct_part_0,Chromosome
k141_3659428.concoct_part_0,Chromosome
k141_707617.concoct_part_0,Chromosome
k141_1087891.concoct_part_0,Chromosome
k141_2181282.concoct_part_0,Chromosome
k141_2181419.concoct_part_0,Chromosome
k141_1830941.concoct_part_0,Chromosome
k141_2183997.concoct_part_0,Chromosome
k141_3662746.concoct_part_0,Chromosome
k141_2184395.concoct_part_0,Chromosome
k141_1091415.concoct_part_0,Chromosome
k141_2184877.concoct_part_0,Chromosome
k141_2185315.concoct_part_0,Chromosome
k141_711811.concoct_part_0,Chromosome
k141_2185798.concoct_part_0,Chromosome
k141_1834161.concoct_part_0,Chromosome
k141_712693.concoct_part_0,Chromosome
k141_1835063.concoct_part_0,Chromosome
k141_3666832.concoct_part_0,Chromosome
k141_715889.concoct_part_0,Chromosome
k141_1096914.concoct_part_0,Chromosome
k141_2190208.concoct_part_0,Chromosome
k141_1097997.concoct_part_0,Plasmid
k141_1098212.concoct_part_0,Chromosome
k141_3668815.concoct_part_2,Chromosome
k141_1098307.concoct_part_0,Chromosome
k141_717917.concoct_part_0,Chromosome
k141_718621.concoct_part_0,Chromosome
k141_1100292.concoct_part_0,Chromosome
k141_2197289.concoct_part_0,Chromosome
k141_2197521.concoct_part_0,Chromosome
k141_2199087.concoct_part_0,Chromosome
k141_2199428.concoct_part_0,Chromosome
k141_726570.concoct_part_0,Plasmid
k141_727684.concoct_part_0,Chromosome
k141_732221.concoct_part_0,Chromosome
